src	tgt
214+13	227
381+41	422
27+23	50
858+79	937
85+64	149
13+21	34
39+74	113
127+81	208
93+99	192
529+38	567
85+384	469
30+99	129
53+384	437
37+53	90
21+58	79
55+54	109
370+15	385
570+78	648
58+20	78
400+90	490
982+56	1038
296+18	314
94+39	133
20+975	995
22+58	80
68+750	818
30+479	509
36+786	822
99+799	898
173+87	260
275+78	353
350+30	380
58+376	434
804+81	885
97+51	148
39+14	53
61+374	435
37+82	119
422+37	459
611+60	671
569+28	597
27+352	379
674+78	752
84+538	622
508+56	564
27+75	102
21+873	894
24+29	53
263+97	360
86+165	251
58+710	768
77+357	434
981+11	992
838+24	862
649+44	693
448+24	472
65+261	326
10+839	849
369+74	443
74+23	97
405+91	496
723+35	758
57+30	87
897+77	974
86+51	137
12+214	226
49+345	394
40+82	122
20+72	92
78+26	104
94+70	164
269+43	312
993+87	1080
37+652	689
806+35	841
419+61	480
765+57	822
76+562	638
41+38	79
53+12	65
667+39	706
325+10	335
90+17	107
18+14	32
19+626	645
45+95	140
37+652	689
83+83	166
41+903	944
62+294	356
22+94	116
55+533	588
69+984	1053
155+96	251
761+22	783
61+53	114
41+34	75
78+67	145
64+33	97
69+355	424
66+80	146
16+93	109
956+11	967
40+31	71
72+592	664
61+17	78
58+10	68
43+902	945
46+533	579
848+81	929
835+72	907
34+47	81
17+84	101
655+17	672
421+17	438
84+71	155
973+77	1050
17+75	92
33+18	51
169+96	265
61+25	86
352+84	436
140+89	229
63+94	157
678+76	754
43+309	352
833+50	883
43+60	103
95+92	187
68+423	491
11+68	79
676+22	698
78+37	115
371+26	397
18+350	368
46+261	307
79+820	899
88+926	1014
641+11	652
936+80	1016
94+206	300
43+24	67
80+29	109
46+719	765
53+36	89
749+43	792
600+42	642
21+91	112
45+145	190
52+26	78
368+30	398
552+80	632
537+81	618
24+19	43
252+79	331
57+84	141
251+65	316
15+49	64
15+466	481
97+41	138
205+55	260
995+62	1057
867+29	896
30+32	62
13+283	296
440+62	502
984+41	1025
30+906	936
210+58	268
70+38	108
68+54	122
39+328	367
94+34	128
52+385	437
45+54	99
621+61	682
963+78	1041
13+218	231
32+694	726
14+211	225
544+54	598
905+50	955
87+623	710
59+83	142
42+15	57
546+10	556
925+78	1003
836+95	931
56+65	121
95+52	147
421+94	515
48+74	122
95+518	613
61+813	874
80+230	310
63+95	158
96+866	962
88+82	170
61+661	722
48+46	94
65+84	149
770+51	821
66+552	618
318+75	393
31+774	805
46+75	121
748+89	837
21+938	959
96+49	145
35+28	63
15+41	56
88+970	1058
68+63	131
689+34	723
813+59	872
61+349	410
93+98	191
23+64	87
32+99	131
575+16	591
355+25	380
27+920	947
95+643	738
709+50	759
88+934	1022
616+64	680
556+30	586
982+70	1052
43+869	912
91+45	136
596+90	686
45+66	111
46+40	86
52+427	479
182+27	209
39+59	98
256+37	293
63+62	125
79+577	656
17+311	328
59+888	947
812+12	824
489+71	560
55+48	103
63+651	714
852+79	931
325+72	397
44+65	109
13+498	511
95+795	890
31+960	991
26+737	763
127+60	187
677+94	771
20+92	112
27+987	1014
33+151	184
58+435	493
68+51	119
58+384	442
42+954	996
70+12	82
652+16	668
38+765	803
93+15	108
41+35	76
89+29	118
26+70	96
217+82	299
69+99	168
57+271	328
721+24	745
49+23	72
126+49	175
793+58	851
35+177	212
807+90	897
23+99	122
97+714	811
82+15	97
78+538	616
479+18	497
763+53	816
63+72	135
65+56	121
948+68	1016
256+65	321
76+93	169
88+927	1015
893+71	964
65+945	1010
706+44	750
41+950	991
45+67	112
69+82	151
784+58	842
13+606	619
33+599	632
55+43	98
45+710	755
382+81	463
76+34	110
40+62	102
81+876	957
98+70	168
828+72	900
12+195	207
38+514	552
349+49	398
695+57	752
80+643	723
64+863	927
438+55	493
564+44	608
42+336	378
34+50	84
78+98	176
34+37	71
595+45	640
703+77	780
389+22	411
47+39	86
32+409	441
78+26	104
15+155	170
399+99	498
91+72	163
11+83	94
70+590	660
53+288	341
42+71	113
18+61	79
19+690	709
802+16	818
29+82	111
20+354	374
81+63	144
710+89	799
76+58	134
66+404	470
539+49	588
735+17	752
857+22	879
90+37	127
94+183	277
40+32	72
176+30	206
62+67	129
708+70	778
14+337	351
46+819	865
19+803	822
43+90	133
777+35	812
24+657	681
92+29	121
28+173	201
31+49	80
866+82	948
66+227	293
98+411	509
512+44	556
652+73	725
20+712	732
65+51	116
356+13	369
39+96	135
701+12	713
941+44	985
141+32	173
76+767	843
45+285	330
546+91	637
21+581	602
62+441	503
95+207	302
52+62	114
607+46	653
510+80	590
68+21	89
42+431	473
61+75	136
94+79	173
62+155	217
76+56	132
874+73	947
552+16	568
44+80	124
46+66	112
596+25	621
90+87	177
30+49	79
114+80	194
21+330	351
69+25	94
952+29	981
47+621	668
379+63	442
70+349	419
80+248	328
34+713	747
864+27	891
45+63	108
74+373	447
46+48	94
693+94	787
29+557	586
595+54	649
80+881	961
486+68	554
34+814	848
83+59	142
62+15	77
70+822	892
59+779	838
255+73	328
26+74	100
439+22	461
22+638	660
11+839	850
62+93	155
19+70	89
53+738	791
507+93	600
52+96	148
489+50	539
835+72	907
136+89	225
40+90	130
394+39	433
192+65	257
91+22	113
31+810	841
13+147	160
17+400	417
57+541	598
41+77	118
82+798	880
31+32	63
88+58	146
799+40	839
84+246	330
69+91	160
68+361	429
109+69	178
96+659	755
19+66	85
85+406	491
534+98	632
68+965	1033
35+493	528
23+342	365
83+467	550
402+99	501
12+949	961
505+45	550
82+97	179
150+87	237
608+46	654
87+55	142
91+34	125
356+96	452
885+94	979
958+27	985
199+90	289
140+49	189
14+693	707
26+192	218
51+865	916
32+305	337
79+56	135
613+44	657
42+71	113
53+923	976
69+19	88
38+96	134
790+60	850
474+21	495
11+370	381
226+68	294
96+866	962
368+84	452
91+480	571
96+39	135
13+734	747
435+88	523
92+18	110
943+69	1012
409+93	502
24+243	267
14+48	62
24+199	223
78+27	105
68+479	547
860+99	959
529+85	614
844+29	873
93+201	294
88+517	605
14+806	820
37+554	591
40+975	1015
22+802	824
79+760	839
17+507	524
34+225	259
21+778	799
92+91	183
121+16	137
41+228	269
310+18	328
312+85	397
39+52	91
86+10	96
28+233	261
356+32	388
94+13	107
11+55	66
85+51	136
32+43	75
26+63	89
216+18	234
67+896	963
75+707	782
67+74	141
88+15	103
902+94	996
408+68	476
131+17	148
61+536	597
210+72	282
554+19	573
51+87	138
18+26	44
89+748	837
661+51	712
86+643	729
68+617	685
540+22	562
217+93	310
998+80	1078
986+37	1023
67+333	400
53+947	1000
61+525	586
197+50	247
50+781	831
57+256	313
585+18	603
20+21	41
22+862	884
481+26	507
161+85	246
675+52	727
225+62	287
95+868	963
16+394	410
419+55	474
83+74	157
29+94	123
38+967	1005
54+81	135
24+880	904
83+331	414
81+885	966
728+96	824
670+13	683
773+98	871
13+284	297
99+880	979
53+459	512
33+28	61
773+61	834
28+91	119
21+77	98
58+63	121
53+261	314
49+838	887
82+710	792
16+29	45
89+16	105
183+44	227
94+534	628
87+552	639
44+320	364
216+54	270
24+390	414
794+85	879
77+783	860
15+325	340
86+156	242
36+48	84
27+42	69
51+222	273
73+65	138
26+58	84
820+39	859
672+95	767
19+506	525
143+65	208
68+19	87
83+539	622
514+91	605
47+217	264
12+432	444
89+68	157
470+21	491
23+349	372
85+510	595
180+60	240
53+326	379
31+178	209
748+24	772
622+34	656
54+844	898
934+28	962
23+28	51
35+277	312
256+93	349
32+90	122
69+872	941
878+84	962
97+678	775
750+89	839
90+423	513
66+18	84
66+746	812
45+705	750
55+74	129
49+69	118
14+158	172
46+178	224
984+21	1005
708+74	782
69+694	763
910+15	925
83+767	850
51+87	138
74+254	328
67+23	90
20+616	636
276+15	291
66+66	132
635+88	723
56+57	113
59+518	577
96+712	808
90+92	182
18+437	455
81+96	177
46+358	404
972+94	1066
994+29	1023
20+696	716
244+54	298
93+815	908
501+26	527
825+20	845
81+485	566
910+52	962
95+99	194
801+77	878
92+95	187
75+470	545
56+49	105
37+53	90
34+331	365
29+19	48
22+619	641
955+77	1032
94+53	147
234+86	320
29+266	295
98+89	187
66+15	81
56+792	848
343+66	409
391+67	458
78+40	118
70+955	1025
57+96	153
551+69	620
58+614	672
528+30	558
87+27	114
16+756	772
57+667	724
76+25	101
20+881	901
44+67	111
250+65	315
38+67	105
13+524	537
60+74	134
40+495	535
57+38	95
50+22	72
765+52	817
27+14	41
70+812	882
70+67	137
105+20	125
42+37	79
80+87	167
533+24	557
40+408	448
16+40	56
91+912	1003
568+18	586
73+86	159
116+90	206
688+40	728
247+47	294
10+729	739
40+684	724
33+780	813
187+77	264
18+638	656
619+74	693
120+59	179
15+750	765
57+359	416
116+55	171
54+40	94
772+90	862
84+52	136
15+55	70
446+92	538
97+69	166
590+90	680
27+18	45
894+68	962
47+35	82
35+15	50
49+627	676
79+584	663
14+871	885
295+46	341
16+986	1002
439+44	483
57+65	122
66+495	561
33+608	641
609+57	666
373+20	393
534+20	554
87+942	1029
79+47	126
23+181	204
94+402	496
67+717	784
536+31	567
554+54	608
15+844	859
88+545	633
91+910	1001
19+95	114
515+56	571
920+96	1016
13+28	41
794+66	860
26+18	44
92+56	148
59+680	739
87+29	116
560+57	617
66+881	947
83+27	110
475+60	535
93+385	478
24+13	37
290+73	363
496+81	577
43+43	86
556+37	593
392+98	490
35+225	260
19+67	86
66+21	87
965+50	1015
455+18	473
655+47	702
30+828	858
817+91	908
56+75	131
25+35	60
40+73	113
56+80	136
477+69	546
232+88	320
18+49	67
71+638	709
62+943	1005
175+26	201
92+175	267
69+796	865
452+26	478
755+85	840
26+65	91
989+17	1006
76+29	105
31+265	296
38+454	492
390+20	410
35+750	785
381+26	407
410+88	498
195+74	269
272+85	357
257+31	288
739+87	826
82+142	224
20+15	35
889+83	972
93+315	408
526+89	615
131+73	204
658+47	705
409+71	480
97+61	158
68+174	242
161+30	191
63+595	658
36+448	484
247+50	297
426+54	480
26+878	904
75+675	750
50+40	90
25+373	398
41+244	285
16+47	63
88+528	616
30+51	81
838+50	888
30+73	103
578+73	651
73+123	196
60+74	134
40+320	360
461+16	477
46+73	119
963+93	1056
581+46	627
108+23	131
27+370	397
474+61	535
15+510	525
82+81	163
56+80	136
19+495	514
561+80	641
89+796	885
221+26	247
60+57	117
81+474	555
35+87	122
511+74	585
15+14	29
52+70	122
567+29	596
627+27	654
88+426	514
60+88	148
962+48	1010
444+74	518
645+72	717
676+48	724
12+477	489
96+212	308
84+415	499
993+98	1091
127+86	213
43+771	814
691+39	730
152+84	236
31+636	667
838+89	927
28+941	969
348+14	362
817+24	841
12+66	78
63+255	318
98+308	406
74+893	967
582+17	599
241+76	317
81+51	132
589+77	666
50+277	327
78+450	528
462+96	558
797+92	889
370+88	458
34+352	386
81+405	486
48+46	94
312+98	410
600+50	650
54+673	727
380+46	426
83+96	179
488+60	548
28+397	425
46+20	66
66+771	837
71+319	390
78+44	122
812+44	856
23+88	111
700+40	740
16+95	111
331+91	422
16+22	38
52+834	886
22+797	819
10+80	90
62+93	155
71+766	837
46+51	97
92+160	252
93+83	176
78+14	92
63+32	95
60+73	133
47+14	61
48+82	130
209+52	261
68+756	824
636+73	709
74+69	143
34+928	962
52+30	82
569+92	661
33+114	147
445+47	492
790+34	824
88+91	179
64+627	691
21+510	531
197+33	230
71+51	122
10+43	53
40+557	597
52+409	461
840+83	923
43+93	136
98+341	439
95+25	120
49+263	312
97+614	711
888+49	937
220+91	311
57+729	786
38+27	65
29+565	594
720+57	777
99+662	761
78+921	999
945+37	982
97+86	183
77+67	144
820+56	876
82+24	106
80+74	154
83+78	161
31+51	82
552+24	576
310+84	394
21+622	643
17+564	581
75+63	138
82+159	241
573+96	669
12+505	517
10+863	873
84+19	103
64+54	118
165+79	244
18+70	88
46+62	108
27+92	119
761+63	824
58+559	617
58+182	240
777+79	856
93+54	147
32+78	110
77+230	307
328+10	338
48+69	117
836+79	915
78+488	566
41+68	109
29+382	411
24+14	38
529+88	617
40+36	76
22+86	108
67+86	153
820+16	836
15+61	76
39+652	691
17+27	44
396+39	435
689+50	739
712+96	808
40+409	449
94+76	170
62+48	110
17+670	687
852+32	884
795+64	859
607+16	623
92+787	879
77+426	503
526+62	588
48+58	106
78+70	148
38+48	86
247+69	316
81+62	143
81+642	723
59+41	100
36+438	474
180+67	247
21+648	669
949+34	983
44+58	102
719+87	806
19+34	53
841+95	936
322+71	393
52+48	100
37+34	71
220+71	291
99+87	186
309+60	369
80+51	131
58+577	635
764+55	819
43+468	511
609+69	678
70+50	120
57+50	107
15+676	691
28+12	40
80+698	778
837+63	900
29+300	329
39+488	527
953+41	994
80+770	850
445+42	487
92+857	949
68+272	340
914+55	969
27+79	106
33+655	688
160+77	237
19+95	114
10+62	72
90+39	129
29+11	40
74+68	142
17+732	749
782+88	870
94+599	693
10+78	88
521+11	532
77+45	122
393+12	405
932+99	1031
540+32	572
22+77	99
40+34	74
639+42	681
44+914	958
20+482	502
68+678	746
99+38	137
97+947	1044
93+93	186
21+61	82
58+665	723
17+752	769
99+31	130
73+65	138
903+52	955
978+22	1000
143+39	182
98+82	180
44+147	191
97+45	142
677+94	771
32+50	82
36+85	121
60+19	79
30+677	707
82+59	141
653+52	705
27+909	936
841+20	861
863+54	917
22+65	87
19+53	72
887+88	975
506+51	557
91+44	135
72+333	405
80+484	564
33+796	829
776+58	834
89+47	136
19+20	39
29+489	518
902+91	993
59+50	109
23+193	216
49+66	115
44+204	248
21+33	54
67+670	737
624+62	686
13+21	34
80+195	275
712+51	763
11+398	409
59+897	956
81+41	122
633+31	664
489+31	520
44+48	92
73+249	322
31+65	96
63+406	469
19+469	488
41+838	879
607+86	693
300+68	368
27+48	75
60+52	112
489+52	541
52+540	592
708+27	735
51+717	768
305+71	376
32+507	539
47+852	899
748+72	820
900+41	941
58+387	445
56+216	272
304+85	389
284+97	381
127+69	196
314+66	380
98+170	268
96+611	707
91+48	139
42+94	136
64+58	122
67+86	153
84+510	594
618+98	716
79+137	216
99+931	1030
708+91	799
23+41	64
780+55	835
92+88	180
82+92	174
762+61	823
65+208	273
22+43	65
75+76	151
694+98	792
326+67	393
60+574	634
702+98	800
254+54	308
71+23	94
63+187	250
28+54	82
53+566	619
76+71	147
70+199	269
99+563	662
18+407	425
24+12	36
92+211	303
919+31	950
349+76	425
80+30	110
81+536	617
39+916	955
90+288	378
91+94	185
60+129	189
728+35	763
85+539	624
10+821	831
36+45	81
928+18	946
204+78	282
56+51	107
68+24	92
95+983	1078
77+754	831
86+497	583
501+85	586
54+55	109
89+276	365
822+48	870
704+20	724
237+50	287
40+49	89
33+57	90
244+75	319
63+710	773
83+59	142
33+598	631
650+98	748
277+81	358
72+46	118
33+50	83
89+154	243
11+596	607
34+59	93
617+93	710
62+801	863
63+827	890
72+271	343
82+13	95
47+14	61
38+650	688
31+899	930
82+860	942
80+623	703
83+24	107
79+943	1022
79+942	1021
66+79	145
64+23	87
949+93	1042
48+14	62
43+456	499
66+25	91
36+85	121
459+88	547
538+31	569
242+36	278
17+82	99
78+387	465
651+31	682
47+396	443
373+75	448
934+22	956
62+17	79
93+229	322
986+26	1012
28+51	79
96+60	156
28+691	719
375+90	465
58+562	620
91+21	112
75+867	942
98+998	1096
68+599	667
84+102	186
195+68	263
780+99	879
18+914	932
507+37	544
37+606	643
51+948	999
53+660	713
233+82	315
53+798	851
15+22	37
902+68	970
25+30	55
68+100	168
35+805	840
93+48	141
45+21	66
469+42	511
57+95	152
269+16	285
90+412	502
816+39	855
93+193	286
197+10	207
71+19	90
85+38	123
796+66	862
11+99	110
25+980	1005
98+235	333
19+334	353
21+848	869
23+50	73
48+240	288
27+756	783
246+18	264
676+11	687
765+31	796
54+839	893
90+29	119
88+803	891
37+188	225
27+25	52
847+59	906
64+422	486
41+45	86
186+41	227
715+86	801
722+46	768
127+94	221
36+630	666
621+34	655
501+47	548
155+40	195
59+215	274
73+91	164
172+77	249
56+50	106
59+82	141
56+659	715
276+70	346
12+85	97
11+43	54
15+17	32
74+393	467
829+74	903
64+818	882
20+755	775
650+88	738
45+20	65
20+623	643
29+78	107
60+700	760
881+93	974
758+18	776
99+547	646
966+40	1006
41+21	62
24+564	588
723+17	740
95+859	954
858+32	890
11+27	38
111+30	141
54+635	689
901+43	944
57+26	83
899+44	943
220+13	233
64+378	442
165+43	208
690+90	780
73+68	141
468+17	485
82+270	352
30+361	391
83+96	179
218+39	257
621+10	631
11+41	52
70+56	126
29+283	312
80+93	173
38+429	467
63+50	113
19+685	704
25+614	639
153+32	185
76+15	91
18+998	1016
46+892	938
51+188	239
567+11	578
35+398	433
903+48	951
737+41	778
57+705	762
35+850	885
878+41	919
10+62	72
39+79	118
91+959	1050
998+11	1009
10+877	887
485+49	534
36+77	113
63+72	135
28+45	73
15+39	54
522+99	621
68+865	933
84+22	106
236+91	327
19+706	725
163+65	228
233+40	273
43+971	1014
60+817	877
434+50	484
44+339	383
35+27	62
211+29	240
31+67	98
50+516	566
78+55	133
67+49	116
43+972	1015
21+30	51
411+99	510
141+37	178
28+193	221
354+55	409
75+150	225
406+43	449
13+61	74
81+866	947
355+22	377
23+923	946
25+11	36
38+26	64
61+57	118
745+92	837
84+85	169
19+122	141
35+92	127
26+194	220
25+143	168
16+272	288
543+60	603
13+491	504
536+32	568
37+291	328
45+556	601
14+88	102
731+41	772
402+73	475
80+590	670
21+45	66
27+529	556
92+77	169
90+79	169
58+55	113
79+900	979
54+679	733
429+59	488
33+126	159
86+324	410
45+17	62
77+466	543
338+30	368
41+94	135
44+78	122
157+38	195
966+59	1025
32+280	312
85+50	135
814+55	869
128+99	227
82+677	759
82+34	116
79+416	495
72+14	86
17+39	56
324+12	336
589+10	599
88+306	394
53+32	85
17+122	139
85+28	113
77+56	133
57+94	151
85+203	288
48+430	478
30+65	95
598+93	691
32+824	856
810+88	898
38+781	819
934+32	966
49+851	900
401+26	427
10+99	109
500+82	582
33+87	120
88+326	414
679+23	702
28+439	467
179+40	219
50+271	321
190+95	285
846+52	898
11+371	382
41+98	139
54+42	96
10+16	26
66+850	916
31+523	554
58+459	517
484+22	506
83+766	849
330+30	360
19+918	937
47+12	59
43+207	250
53+31	84
30+849	879
80+21	101
86+728	814
13+541	554
268+87	355
30+154	184
52+36	88
62+99	161
839+79	918
94+388	482
40+198	238
60+83	143
960+72	1032
16+56	72
64+21	85
94+740	834
591+35	626
13+36	49
91+47	138
70+24	94
60+582	642
94+371	465
92+79	171
33+479	512
57+291	348
15+369	384
69+369	438
44+82	126
29+99	128
199+20	219
452+79	531
85+332	417
162+59	221
528+78	606
987+70	1057
341+70	411
20+504	524
135+74	209
629+83	712
735+28	763
67+32	99
37+34	71
15+64	79
97+65	162
90+28	118
364+50	414
926+18	944
59+81	140
80+433	513
76+569	645
99+89	188
635+63	698
63+29	92
82+85	167
876+22	898
82+22	104
78+452	530
43+492	535
597+83	680
584+14	598
45+61	106
89+87	176
810+61	871
60+52	112
343+16	359
586+44	630
12+445	457
49+387	436
99+801	900
39+27	66
66+892	958
44+846	890
87+761	848
34+66	100
62+72	134
988+57	1045
75+30	105
49+74	123
27+899	926
682+13	695
34+35	69
41+14	55
16+469	485
303+45	348
69+617	686
91+226	317
131+40	171
72+708	780
32+991	1023
85+664	749
54+267	321
98+192	290
13+495	508
30+83	113
38+92	130
96+36	132
93+519	612
120+97	217
70+26	96
277+86	363
38+42	80
924+49	973
826+92	918
64+485	549
68+358	426
69+48	117
633+89	722
84+204	288
75+94	169
81+762	843
723+46	769
97+210	307
18+444	462
91+432	523
43+771	814
767+48	815
29+76	105
17+86	103
94+427	521
243+13	256
609+47	656
63+514	577
14+697	711
685+34	719
38+802	840
753+70	823
467+74	541
31+960	991
997+81	1078
47+22	69
26+858	884
81+881	962
97+52	149
191+38	229
38+862	900
63+907	970
57+366	423
401+69	470
70+16	86
697+84	781
172+70	242
74+25	99
490+77	567
62+155	217
27+35	62
62+683	745
28+423	451
284+20	304
52+746	798
50+91	141
10+67	77
36+879	915
83+30	113
21+232	253
544+91	635
61+539	600
59+104	163
78+35	113
482+11	493
77+295	372
96+10	106
851+41	892
98+54	152
26+205	231
74+702	776
31+166	197
48+47	95
76+710	786
445+65	510
237+53	290
55+868	923
31+61	92
39+38	77
234+37	271
122+85	207
273+25	298
93+911	1004
58+91	149
78+738	816
86+16	102
210+93	303
16+98	114
63+66	129
25+660	685
70+818	888
36+98	134
745+11	756
63+777	840
94+76	170
89+720	809
240+63	303
75+89	164
46+24	70
73+35	108
304+43	347
306+55	361
519+47	566
15+80	95
36+804	840
52+340	392
11+95	106
24+83	107
605+29	634
75+19	94
840+22	862
92+336	428
47+370	417
16+202	218
15+47	62
96+420	516
24+197	221
11+27	38
762+31	793
55+548	603
374+21	395
53+287	340
61+61	122
44+955	999
98+971	1069
63+764	827
24+26	50
843+17	860
23+63	86
594+82	676
548+33	581
488+55	543
129+97	226
233+71	304
24+521	545
15+164	179
93+421	514
96+77	173
690+82	772
95+53	148
635+98	733
733+22	755
94+844	938
71+54	125
792+92	884
29+959	988
727+16	743
92+30	122
969+70	1039
31+176	207
51+346	397
45+151	196
328+80	408
487+61	548
20+68	88
83+558	641
73+67	140
25+609	634
769+12	781
61+62	123
81+80	161
21+87	108
752+48	800
675+36	711
787+68	855
56+945	1001
38+68	106
81+885	966
714+70	784
772+56	828
563+24	587
94+38	132
53+55	108
919+47	966
634+57	691
208+15	223
73+27	100
860+62	922
42+88	130
34+25	59
37+568	605
53+23	76
15+748	763
702+25	727
68+774	842
616+27	643
10+643	653
149+80	229
84+594	678
899+32	931
692+32	724
934+26	960
59+94	153
720+51	771
493+63	556
809+41	850
60+451	511
67+924	991
27+62	89
816+75	891
99+660	759
80+747	827
35+36	71
831+47	878
453+96	549
93+32	125
655+98	753
430+24	454
81+591	672
684+95	779
527+96	623
961+78	1039
64+927	991
76+23	99
58+28	86
95+17	112
44+30	74
97+356	453
17+98	115
36+871	907
133+55	188
23+730	753
857+81	938
92+81	173
40+623	663
394+98	492
148+58	206
63+907	970
420+80	500
11+42	53
89+66	155
91+92	183
85+659	744
717+35	752
298+47	345
32+799	831
33+32	65
626+25	651
15+538	553
81+370	451
30+84	114
10+438	448
29+140	169
51+86	137
90+88	178
408+72	480
663+55	718
50+77	127
33+76	109
74+30	104
79+649	728
21+457	478
37+94	131
52+469	521
37+870	907
643+70	713
943+93	1036
24+95	119
67+346	413
728+89	817
15+97	112
58+915	973
59+42	101
841+46	887
76+57	133
922+75	997
72+144	216
93+297	390
75+184	259
31+78	109
107+90	197
36+95	131
892+37	929
534+23	557
78+99	177
893+65	958
936+19	955
802+29	831
68+52	120
21+19	40
32+42	74
172+83	255
43+62	105
67+745	812
65+423	488
59+96	155
78+10	88
837+89	926
84+15	99
968+19	987
74+208	282
97+408	505
188+46	234
58+504	562
131+70	201
78+38	116
60+79	139
91+247	338
96+914	1010
763+57	820
80+81	161
25+15	40
83+86	169
78+660	738
49+36	85
859+54	913
62+92	154
245+30	275
38+88	126
34+217	251
95+82	177
80+69	149
662+19	681
95+168	263
22+302	324
694+72	766
55+231	286
771+40	811
46+89	135
34+50	84
67+436	503
775+49	824
698+29	727
680+56	736
64+272	336
50+41	91
92+65	157
56+237	293
850+52	902
69+556	625
49+598	647
211+32	243
721+20	741
27+651	678
43+90	133
19+12	31
746+13	759
692+61	753
317+14	331
366+79	445
583+93	676
56+60	116
85+47	132
69+74	143
192+60	252
74+110	184
344+88	432
269+75	344
67+30	97
82+82	164
993+28	1021
849+71	920
15+324	339
39+164	203
57+339	396
95+36	131
910+56	966
70+565	635
15+93	108
23+820	843
748+45	793
369+84	453
683+32	715
93+487	580
85+769	854
76+42	118
38+628	666
55+936	991
72+911	983
87+106	193
242+66	308
39+19	58
758+45	803
29+33	62
56+87	143
936+25	961
335+63	398
24+593	617
590+71	661
85+30	115
953+62	1015
41+15	56
83+85	168
27+90	117
140+83	223
17+31	48
33+629	662
86+677	763
119+94	213
20+321	341
87+582	669
31+324	355
86+246	332
940+33	973
775+75	850
31+841	872
450+68	518
704+18	722
58+59	117
23+12	35
76+74	150
529+29	558
198+32	230
88+714	802
78+74	152
21+71	92
233+87	320
947+10	957
764+65	829
530+57	587
99+77	176
39+921	960
58+458	516
923+99	1022
200+64	264
42+71	113
20+46	66
997+79	1076
42+293	335
10+83	93
220+76	296
58+93	151
98+50	148
56+209	265
64+93	157
359+43	402
533+82	615
88+382	470
506+36	542
80+902	982
594+32	626
81+668	749
42+414	456
452+60	512
241+94	335
39+67	106
265+22	287
75+61	136
80+728	808
800+16	816
59+91	150
21+28	49
86+545	631
18+43	61
57+20	77
138+59	197
88+771	859
393+86	479
32+91	123
66+110	176
94+76	170
34+134	168
622+76	698
337+88	425
96+14	110
40+770	810
30+21	51
61+461	522
504+61	565
305+76	381
18+21	39
391+81	472
456+54	510
38+720	758
68+61	129
104+43	147
62+74	136
81+19	100
401+53	454
75+42	117
932+83	1015
98+553	651
82+595	677
53+68	121
571+85	656
71+24	95
18+491	509
907+38	945
818+39	857
62+461	523
648+11	659
952+43	995
46+21	67
96+866	962
19+667	686
70+50	120
37+687	724
33+864	897
294+73	367
304+40	344
347+43	390
39+35	74
89+55	144
23+25	48
96+94	190
88+106	194
143+71	214
89+422	511
83+989	1072
72+287	359
386+60	446
83+26	109
77+64	141
79+133	212
455+60	515
894+32	926
25+815	840
571+50	621
108+11	119
315+58	373
203+51	254
88+982	1070
33+661	694
40+375	415
88+451	539
33+610	643
36+529	565
870+57	927
61+386	447
33+685	718
83+97	180
22+44	66
81+65	146
35+249	284
253+70	323
32+63	95
27+969	996
629+78	707
423+72	495
42+675	717
148+60	208
98+30	128
37+42	79
90+198	288
52+366	418
56+673	729
929+42	971
12+521	533
54+96	150
303+83	386
765+93	858
278+46	324
51+789	840
599+67	666
58+88	146
69+746	815
31+91	122
63+746	809
685+61	746
20+30	50
39+421	460
93+398	491
373+87	460
504+44	548
56+865	921
633+67	700
31+288	319
26+40	66
357+99	456
181+36	217
60+23	83
18+70	88
155+13	168
77+883	960
23+43	66
259+20	279
499+49	548
41+46	87
90+229	319
77+31	108
14+94	108
51+984	1035
69+991	1060
378+80	458
27+814	841
281+85	366
567+90	657
751+82	833
77+755	832
646+49	695
71+652	723
21+66	87
56+522	578
29+410	439
10+76	86
54+46	100
78+108	186
603+71	674
11+884	895
47+711	758
10+80	90
34+521	555
547+60	607
30+92	122
58+325	383
20+532	552
345+76	421
926+98	1024
378+46	424
860+78	938
62+292	354
33+27	60
24+752	776
89+563	652
99+737	836
34+428	462
29+16	45
122+33	155
46+44	90
66+11	77
21+29	50
73+37	110
63+419	482
57+574	631
910+14	924
20+963	983
17+44	61
19+656	675
33+296	329
58+948	1006
25+41	66
66+353	419
134+35	169
22+633	655
313+70	383
97+419	516
30+744	774
143+80	223
225+42	267
91+405	496
56+16	72
323+24	347
91+65	156
11+271	282
84+222	306
41+109	150
84+98	182
98+710	808
57+21	78
30+73	103
97+89	186
90+161	251
55+92	147
99+78	177
26+72	98
50+81	131
874+54	928
34+121	155
486+55	541
237+42	279
72+66	138
401+79	480
601+34	635
291+79	370
51+849	900
45+988	1033
981+80	1061
18+77	95
67+47	114
79+475	554
10+894	904
618+58	676
289+12	301
977+56	1033
344+51	395
164+94	258
938+59	997
77+97	174
80+257	337
389+51	440
92+429	521
22+76	98
168+15	183
32+14	46
23+72	95
22+14	36
757+59	816
601+77	678
818+85	903
16+475	491
87+19	106
36+93	129
20+579	599
162+56	218
861+63	924
17+943	960
372+77	449
19+48	67
37+76	113
22+39	61
494+34	528
77+94	171
82+90	172
81+81	162
23+884	907
690+55	745
569+99	668
537+23	560
33+80	113
74+445	519
261+78	339
553+55	608
80+432	512
62+882	944
540+51	591
346+82	428
319+58	377
862+42	904
67+558	625
10+843	853
46+86	132
76+27	103
10+407	417
37+50	87
98+45	143
623+81	704
685+29	714
14+68	82
29+241	270
56+696	752
39+42	81
21+684	705
82+322	404
179+51	230
32+599	631
819+83	902
86+92	178
14+848	862
490+20	510
52+54	106
63+988	1051
39+93	132
111+91	202
491+16	507
77+142	219
79+678	757
51+74	125
326+29	355
96+60	156
86+689	775
192+38	230
47+905	952
28+235	263
20+587	607
863+16	879
508+43	551
61+74	135
99+233	332
71+81	152
72+60	132
685+35	720
730+77	807
41+19	60
65+431	496
689+21	710
95+62	157
56+456	512
51+54	105
771+13	784
31+458	489
941+66	1007
249+66	315
39+35	74
482+29	511
973+20	993
16+41	57
251+46	297
53+98	151
49+67	116
12+439	451
78+37	115
79+76	155
80+594	674
847+28	875
815+95	910
58+84	142
639+15	654
31+161	192
35+908	943
732+44	776
69+93	162
18+59	77
377+94	471
468+23	491
47+93	140
39+489	528
826+22	848
72+987	1059
644+21	665
35+74	109
81+829	910
15+41	56
412+52	464
60+862	922
12+54	66
460+55	515
409+40	449
382+17	399
363+59	422
81+45	126
29+53	82
94+240	334
58+76	134
727+90	817
332+63	395
83+29	112
49+719	768
67+655	722
36+93	129
84+79	163
919+35	954
49+98	147
636+27	663
28+771	799
261+50	311
81+78	159
221+33	254
28+844	872
50+62	112
48+553	601
941+91	1032
380+29	409
23+26	49
13+88	101
373+87	460
727+39	766
337+39	376
126+55	181
98+71	169
74+87	161
93+482	575
59+72	131
27+267	294
38+14	52
11+376	387
38+860	898
307+36	343
32+66	98
601+98	699
68+352	420
61+894	955
87+58	145
420+60	480
860+83	943
649+77	726
996+14	1010
211+67	278
15+998	1013
76+78	154
15+671	686
76+883	959
150+34	184
66+507	573
46+572	618
64+47	111
155+98	253
245+69	314
562+21	583
612+24	636
84+99	183
238+60	298
51+561	612
32+68	100
829+35	864
21+356	377
98+764	862
915+30	945
850+25	875
24+67	91
471+20	491
824+59	883
910+75	985
263+58	321
489+15	504
52+82	134
983+29	1012
28+32	60
152+63	215
49+847	896
46+741	787
25+26	51
10+89	99
11+569	580
73+656	729
87+73	160
37+85	122
587+68	655
66+181	247
714+10	724
80+45	125
743+81	824
16+33	49
17+93	110
14+248	262
95+83	178
405+52	457
16+23	39
32+265	297
391+88	479
808+99	907
686+81	767
68+84	152
14+195	209
51+477	528
18+876	894
80+166	246
70+237	307
98+45	143
77+523	600
314+99	413
88+17	105
83+90	173
189+71	260
805+87	892
394+64	458
968+50	1018
77+688	765
462+26	488
676+73	749
846+90	936
73+927	1000
88+39	127
397+34	431
25+13	38
90+915	1005
36+88	124
62+146	208
54+673	727
317+11	328
306+98	404
42+909	951
49+48	97
663+51	714
24+97	121
53+505	558
682+88	770
32+34	66
53+788	841
70+916	986
92+27	119
29+742	771
78+443	521
62+860	922
76+48	124
842+96	938
81+648	729
36+83	119
439+55	494
29+45	74
53+58	111
647+31	678
720+59	779
86+24	110
50+826	876
44+62	106
73+40	113
67+949	1016
37+637	674
32+214	246
14+896	910
21+66	87
125+71	196
257+34	291
71+850	921
417+51	468
22+76	98
235+36	271
137+68	205
76+218	294
49+15	64
968+86	1054
52+69	121
23+76	99
863+49	912
83+49	132
314+51	365
34+46	80
78+426	504
95+220	315
29+261	290
24+115	139
673+75	748
36+79	115
80+426	506
28+821	849
83+350	433
19+49	68
446+79	525
16+233	249
70+96	166
23+59	82
21+64	85
32+821	853
706+90	796
816+67	883
464+49	513
35+830	865
928+78	1006
69+82	151
21+99	120
22+566	588
97+759	856
884+69	953
39+329	368
88+43	131
60+287	347
781+52	833
68+599	667
18+70	88
54+71	125
31+389	420
87+688	775
75+23	98
23+433	456
765+19	784
78+572	650
85+523	608
89+41	130
262+71	333
18+448	466
98+85	183
65+680	745
79+810	889
32+94	126
179+83	262
24+706	730
574+51	625
199+66	265
49+61	110
86+23	109
933+86	1019
51+606	657
776+17	793
37+27	64
873+91	964
28+94	122
67+78	145
59+730	789
557+35	592
97+50	147
82+913	995
411+65	476
452+21	473
108+88	196
513+26	539
17+478	495
154+10	164
673+55	728
46+13	59
65+99	164
503+90	593
58+515	573
65+658	723
94+32	126
27+292	319
493+56	549
29+395	424
228+27	255
19+92	111
28+72	100
547+27	574
27+92	119
68+907	975
718+64	782
284+68	352
534+80	614
59+463	522
33+64	97
107+83	190
40+829	869
375+62	437
690+56	746
14+82	96
57+215	272
593+98	691
28+77	105
69+629	698
76+88	164
41+70	111
859+94	953
179+97	276
652+84	736
88+154	242
78+897	975
70+68	138
580+83	663
439+63	502
47+396	443
14+98	112
867+48	915
903+82	985
17+744	761
84+273	357
152+94	246
89+127	216
72+184	256
74+19	93
42+235	277
387+45	432
11+859	870
87+32	119
856+29	885
557+57	614
43+99	142
72+33	105
982+14	996
20+248	268
941+29	970
62+888	950
40+776	816
91+271	362
83+54	137
92+43	135
16+31	47
61+587	648
70+864	934
339+58	397
822+59	881
43+248	291
991+65	1056
46+67	113
96+423	519
799+15	814
78+91	169
65+725	790
978+44	1022
44+373	417
42+93	135
500+69	569
867+40	907
788+85	873
76+53	129
806+33	839
80+110	190
108+18	126
62+22	84
206+97	303
54+324	378
390+42	432
14+13	27
194+17	211
772+37	809
753+25	778
222+21	243
233+58	291
882+92	974
922+33	955
99+33	132
47+578	625
177+91	268
45+887	932
98+783	881
42+265	307
45+17	62
59+440	499
43+43	86
66+18	84
35+724	759
32+760	792
23+247	270
887+65	952
88+92	180
66+43	109
14+19	33
83+42	125
12+609	621
93+91	184
14+95	109
44+255	299
437+60	497
103+75	178
889+72	961
65+513	578
899+18	917
331+10	341
98+937	1035
25+680	705
467+52	519
410+61	471
90+92	182
56+78	134
20+961	981
47+763	810
32+80	112
59+94	153
48+99	147
23+745	768
467+72	539
90+66	156
294+27	321
34+13	47
707+40	747
59+164	223
758+49	807
78+954	1032
12+137	149
17+445	462
143+61	204
37+93	130
635+68	703
991+78	1069
84+39	123
14+28	42
93+119	212
89+146	235
99+93	192
11+32	43
151+49	200
68+88	156
85+18	103
24+73	97
918+88	1006
18+35	53
53+930	983
794+61	855
25+800	825
658+27	685
37+882	919
85+32	117
18+223	241
28+875	903
31+813	844
80+268	348
41+695	736
27+22	49
727+58	785
12+72	84
10+10	20
21+93	114
390+63	453
926+70	996
229+36	265
91+44	135
561+62	623
32+88	120
138+86	224
73+88	161
90+48	138
63+104	167
341+34	375
77+22	99
470+79	549
324+69	393
775+36	811
16+298	314
29+97	126
73+280	353
95+15	110
92+56	148
36+545	581
52+731	783
15+206	221
153+78	231
30+13	43
75+218	293
40+66	106
693+51	744
35+865	900
433+39	472
51+39	90
40+62	102
58+38	96
70+84	154
16+546	562
37+88	125
32+496	528
27+568	595
298+90	388
44+307	351
26+132	158
682+17	699
27+213	240
68+528	596
53+38	91
87+260	347
726+31	757
666+39	705
62+76	138
37+705	742
69+385	454
64+41	105
51+65	116
327+85	412
83+10	93
15+141	156
74+134	208
77+503	580
99+941	1040
67+73	140
20+81	101
98+62	160
26+55	81
40+763	803
12+71	83
412+30	442
570+83	653
697+13	710
69+890	959
61+33	94
90+575	665
748+10	758
172+59	231
440+77	517
47+64	111
99+727	826
689+36	725
182+89	271
17+627	644
472+16	488
59+56	115
89+141	230
56+279	335
672+18	690
826+36	862
52+40	92
216+93	309
84+992	1076
314+38	352
55+373	428
796+64	860
16+164	180
54+563	617
74+639	713
70+78	148
945+78	1023
67+735	802
96+809	905
34+68	102
20+60	80
46+19	65
31+45	76
99+28	127
29+995	1024
76+90	166
47+63	110
654+26	680
54+530	584
92+121	213
34+164	198
39+76	115
443+62	505
451+93	544
905+51	956
85+781	866
642+80	722
68+411	479
235+49	284
43+39	82
57+395	452
28+55	83
68+270	338
264+78	342
33+279	312
809+95	904
30+40	70
15+50	65
229+66	295
57+288	345
81+14	95
424+54	478
57+67	124
266+78	344
25+125	150
73+886	959
68+50	118
10+79	89
439+92	531
402+70	472
83+782	865
82+66	148
98+215	313
590+15	605
96+80	176
49+13	62
89+961	1050
67+55	122
51+17	68
756+34	790
639+38	677
35+123	158
78+67	145
787+21	808
503+34	537
50+717	767
623+17	640
469+60	529
64+57	121
57+112	169
54+459	513
67+995	1062
189+37	226
554+63	617
46+267	313
534+63	597
85+86	171
28+36	64
70+988	1058
443+18	461
874+58	932
10+62	72
379+63	442
81+69	150
681+27	708
33+58	91
80+602	682
48+84	132
73+672	745
574+38	612
10+29	39
48+755	803
583+25	608
781+46	827
32+603	635
760+41	801
25+45	70
18+713	731
470+84	554
82+546	628
90+802	892
98+937	1035
57+75	132
689+12	701
30+695	725
28+50	78
98+238	336
30+154	184
56+529	585
464+16	480
47+642	689
178+75	253
90+33	123
86+31	117
430+50	480
919+48	967
97+814	911
471+22	493
693+55	748
11+27	38
388+57	445
62+448	510
23+37	60
74+38	112
81+88	169
951+77	1028
829+80	909
874+24	898
68+178	246
26+12	38
54+419	473
471+27	498
86+635	721
32+826	858
13+862	875
38+26	64
245+98	343
49+26	75
26+20	46
98+881	979
19+12	31
65+143	208
23+14	37
625+85	710
70+25	95
15+167	182
95+110	205
25+87	112
85+35	120
95+54	149
21+28	49
384+84	468
55+264	319
899+88	987
74+82	156
22+84	106
77+37	114
296+46	342
78+10	88
201+37	238
971+70	1041
99+703	802
66+96	162
33+55	88
64+319	383
333+62	395
50+25	75
24+632	656
73+56	129
395+81	476
141+20	161
73+218	291
46+567	613
853+49	902
961+66	1027
80+62	142
64+293	357
70+96	166
32+113	145
603+96	699
60+66	126
774+96	870
25+28	53
61+811	872
204+31	235
56+35	91
35+709	744
25+338	363
73+385	458
884+84	968
379+92	471
55+587	642
717+61	778
75+385	460
68+23	91
42+72	114
39+743	782
13+22	35
154+18	172
96+127	223
58+87	145
434+29	463
89+738	827
19+94	113
885+73	958
35+400	435
609+72	681
367+79	446
79+659	738
14+65	79
59+67	126
58+553	611
14+133	147
81+94	175
31+603	634
27+419	446
498+72	570
82+96	178
94+667	761
652+83	735
70+675	745
74+17	91
43+606	649
486+88	574
461+46	507
17+128	145
146+26	172
54+928	982
697+13	710
449+58	507
64+54	118
62+459	521
94+41	135
40+92	132
85+186	271
167+49	216
53+31	84
78+51	129
68+94	162
82+627	709
44+120	164
580+85	665
50+58	108
499+51	550
200+72	272
98+96	194
53+73	126
930+95	1025
31+729	760
56+546	602
73+91	164
78+37	115
43+148	191
83+511	594
89+21	110
964+84	1048
85+53	138
18+680	698
586+64	650
54+19	73
943+48	991
923+48	971
94+652	746
35+524	559
42+739	781
564+95	659
284+12	296
820+76	896
83+73	156
94+69	163
91+645	736
973+65	1038
844+90	934
76+35	111
69+251	320
29+97	126
65+520	585
18+749	767
62+44	106
92+264	356
97+715	812
61+40	101
29+34	63
41+49	90
72+673	745
64+762	826
35+30	65
27+129	156
45+774	819
280+92	372
72+12	84
20+50	70
405+18	423
56+787	843
192+60	252
962+27	989
24+83	107
612+25	637
780+84	864
357+73	430
40+86	126
50+52	102
854+59	913
861+40	901
37+247	284
32+37	69
66+518	584
85+157	242
78+483	561
215+50	265
533+70	603
352+45	397
56+70	126
476+49	525
92+87	179
94+16	110
907+95	1002
42+80	122
49+754	803
471+97	568
78+40	118
59+108	167
42+408	450
40+48	88
30+66	96
424+92	516
14+380	394
72+70	142
522+52	574
532+22	554
99+43	142
167+55	222
87+846	933
855+51	906
98+128	226
92+92	184
90+66	156
239+10	249
35+743	778
50+689	739
24+30	54
76+93	169
86+97	183
50+562	612
27+366	393
97+85	182
46+303	349
63+57	120
60+58	118
329+12	341
81+92	173
741+39	780
69+35	104
99+972	1071
16+61	77
539+86	625
29+191	220
31+680	711
11+77	88
68+947	1015
606+25	631
36+34	70
46+864	910
58+233	291
36+714	750
46+96	142
63+33	96
28+129	157
43+341	384
561+41	602
84+800	884
569+20	589
70+27	97
98+507	605
317+59	376
533+86	619
19+197	216
160+16	176
40+582	622
87+786	873
826+15	841
42+74	116
490+48	538
95+479	574
81+15	96
283+43	326
74+73	147
69+235	304
50+77	127
28+366	394
50+15	65
73+45	118
469+65	534
43+727	770
76+420	496
31+423	454
603+29	632
973+94	1067
917+66	983
34+29	63
39+33	72
70+43	113
69+65	134
73+15	88
55+826	881
596+68	664
24+966	990
987+28	1015
54+21	75
46+33	79
75+44	119
779+84	863
84+10	94
885+83	968
63+19	82
73+96	169
52+13	65
97+796	893
60+57	117
208+51	259
13+20	33
94+591	685
90+375	465
773+10	783
15+771	786
563+51	614
851+82	933
37+16	53
389+51	440
19+80	99
490+21	511
42+282	324
61+21	82
36+30	66
61+391	452
870+93	963
25+48	73
65+853	918
97+717	814
55+95	150
57+75	132
72+67	139
70+374	444
714+64	778
64+57	121
290+65	355
536+21	557
75+53	128
96+329	425
802+29	831
77+744	821
637+20	657
69+547	616
71+48	119
26+97	123
41+635	676
47+682	729
80+19	99
75+23	98
535+62	597
69+94	163
682+42	724
42+699	741
74+12	86
94+69	163
33+60	93
20+63	83
404+50	454
841+68	909
560+89	649
53+992	1045
37+33	70
87+43	130
208+65	273
118+10	128
24+113	137
93+71	164
98+514	612
862+87	949
598+48	646
932+88	1020
98+789	887
791+60	851
21+228	249
11+34	45
12+99	111
13+36	49
93+248	341
347+65	412
978+78	1056
21+48	69
28+585	613
12+219	231
29+99	128
72+582	654
67+84	151
35+47	82
949+60	1009
52+11	63
90+65	155
73+854	927
710+80	790
14+599	613
72+625	697
842+88	930
936+72	1008
17+77	94
64+83	147
80+165	245
92+527	619
24+606	630
761+54	815
99+546	645
30+46	76
296+70	366
66+337	403
324+85	409
447+87	534
772+69	841
47+59	106
96+768	864
468+70	538
89+36	125
98+867	965
95+71	166
32+35	67
87+72	159
63+73	136
40+314	354
148+12	160
43+465	508
262+32	294
132+18	150
65+216	281
332+25	357
329+72	401
53+903	956
15+888	903
373+29	402
994+75	1069
785+23	808
151+66	217
24+208	232
724+23	747
142+74	216
31+90	121
36+56	92
47+66	113
610+22	632
92+56	148
27+225	252
66+63	129
41+70	111
46+617	663
20+44	64
63+469	532
780+41	821
77+63	140
27+64	91
62+569	631
913+97	1010
13+553	566
11+76	87
20+53	73
61+890	951
65+17	82
14+776	790
254+83	337
90+94	184
402+63	465
97+817	914
994+48	1042
860+50	910
11+946	957
77+725	802
99+61	160
92+310	402
739+89	828
552+99	651
93+514	607
48+20	68
78+52	130
26+632	658
390+37	427
75+80	155
76+448	524
263+12	275
79+85	164
40+952	992
64+617	681
17+57	74
90+619	709
25+148	173
227+67	294
83+854	937
68+53	121
84+82	166
742+95	837
964+86	1050
54+48	102
95+903	998
686+96	782
58+76	134
353+23	376
76+696	772
56+68	124
28+64	92
20+194	214
64+26	90
37+556	593
57+96	153
512+85	597
631+60	691
84+610	694
533+66	599
601+63	664
28+74	102
72+68	140
75+77	152
98+37	135
70+133	203
260+81	341
25+716	741
24+223	247
83+396	479
76+29	105
57+49	106
48+401	449
13+910	923
28+85	113
16+412	428
37+287	324
600+10	610
80+54	134
15+63	78
83+417	500
563+53	616
70+954	1024
953+87	1040
27+74	101
571+67	638
559+29	588
433+21	454
780+89	869
59+338	397
53+653	706
95+66	161
384+92	476
31+13	44
745+49	794
760+25	785
672+20	692
89+79	168
875+16	891
634+34	668
74+119	193
94+78	172
12+45	57
41+84	125
20+926	946
721+51	772
85+146	231
12+448	460
33+524	557
77+50	127
42+193	235
22+79	101
46+28	74
42+21	63
49+62	111
273+17	290
433+33	466
17+48	65
22+427	449
62+51	113
58+947	1005
16+35	51
86+85	171
73+75	148
494+24	518
17+425	442
80+516	596
71+13	84
91+339	430
44+80	124
791+22	813
81+93	174
48+82	130
67+185	252
612+36	648
57+79	136
41+78	119
81+562	643
10+69	79
396+93	489
10+17	27
44+712	756
97+489	586
90+317	407
960+75	1035
15+265	280
646+82	728
48+21	69
99+225	324
81+45	126
36+725	761
921+50	971
450+91	541
67+379	446
94+51	145
36+570	606
436+12	448
236+92	328
87+70	157
11+96	107
62+81	143
820+72	892
78+183	261
766+19	785
131+95	226
96+226	322
58+947	1005
466+59	525
99+11	110
69+57	126
66+11	77
12+45	57
826+55	881
21+88	109
410+38	448
73+56	129
45+73	118
823+87	910
10+35	45
505+24	529
82+612	694
31+665	696
94+82	176
798+87	885
279+18	297
231+18	249
43+82	125
76+45	121
96+12	108
794+78	872
358+97	455
564+10	574
92+789	881
153+51	204
62+380	442
97+76	173
73+470	543
877+15	892
329+16	345
63+645	708
50+105	155
34+442	476
83+13	96
331+98	429
19+355	374
31+52	83
18+741	759
199+13	212
65+927	992
85+90	175
42+353	395
70+40	110
16+941	957
76+913	989
19+86	105
549+22	571
557+84	641
20+17	37
58+50	108
166+26	192
66+17	83
88+741	829
18+204	222
157+81	238
47+58	105
22+732	754
39+985	1024
906+94	1000
110+68	178
69+914	983
89+734	823
53+93	146
901+13	914
76+436	512
297+23	320
11+86	97
169+85	254
83+26	109
621+42	663
63+592	655
735+66	801
41+27	68
17+26	43
84+546	630
767+55	822
84+654	738
28+70	98
87+451	538
57+108	165
700+94	794
248+17	265
74+81	155
64+54	118
35+91	126
18+53	71
95+70	165
808+69	877
809+52	861
679+52	731
406+63	469
30+207	237
15+607	622
10+91	101
98+39	137
89+318	407
71+52	123
484+36	520
33+945	978
56+11	67
55+13	68
217+28	245
66+299	365
699+56	755
13+35	48
46+32	78
43+32	75
80+351	431
35+12	47
43+22	65
96+27	123
93+906	999
53+36	89
68+345	413
57+776	833
77+89	166
18+221	239
26+34	60
78+58	136
483+50	533
539+91	630
15+88	103
293+78	371
29+435	464
16+90	106
26+971	997
698+72	770
20+70	90
729+18	747
75+59	134
869+75	944
73+631	704
32+429	461
482+77	559
594+73	667
44+695	739
91+909	1000
765+14	779
38+35	73
40+505	545
49+64	113
83+260	343
42+663	705
27+20	47
66+631	697
39+697	736
69+75	144
444+64	508
69+542	611
57+923	980
50+379	429
13+283	296
39+371	410
177+55	232
47+74	121
659+92	751
45+39	84
25+19	44
14+659	673
52+35	87
437+42	479
97+965	1062
34+822	856
241+79	320
11+888	899
46+942	988
61+515	576
875+93	968
70+93	163
879+29	908
39+332	371
867+36	903
39+628	667
904+80	984
69+448	517
50+34	84
99+527	626
66+67	133
130+57	187
83+26	109
11+611	622
954+55	1009
38+529	567
97+870	967
98+650	748
51+701	752
82+14	96
29+52	81
744+87	831
687+60	747
36+500	536
78+59	137
70+23	93
82+562	644
411+21	432
23+96	119
281+14	295
717+72	789
33+35	68
59+46	105
39+47	86
636+18	654
17+477	494
111+31	142
62+500	562
24+26	50
528+71	599
170+59	229
26+36	62
65+937	1002
780+70	850
87+83	170
85+307	392
833+97	930
45+306	351
28+67	95
61+87	148
77+52	129
602+68	670
83+140	223
193+46	239
567+54	621
962+48	1010
88+943	1031
63+41	104
89+65	154
59+774	833
99+82	181
60+99	159
40+30	70
90+650	740
95+168	263
843+37	880
62+880	942
224+57	281
23+74	97
62+561	623
42+36	78
145+69	214
19+91	110
791+69	860
53+863	916
34+506	540
11+42	53
27+51	78
866+69	935
69+169	238
80+94	174
66+27	93
45+961	1006
31+12	43
202+32	234
25+647	672
500+31	531
95+11	106
379+29	408
55+282	337
14+96	110
321+66	387
148+91	239
756+94	850
775+23	798
98+415	513
16+712	728
16+58	74
41+57	98
35+21	56
63+13	76
53+34	87
785+18	803
22+95	117
31+15	46
75+210	285
51+675	726
294+89	383
79+60	139
25+337	362
23+55	78
32+115	147
93+423	516
59+37	96
38+167	205
934+45	979
738+57	795
18+37	55
48+885	933
611+23	634
649+82	731
42+22	64
432+90	522
497+96	593
236+52	288
91+98	189
95+593	688
52+12	64
699+67	766
75+755	830
338+74	412
821+11	832
12+88	100
49+40	89
538+41	579
181+17	198
57+73	130
35+255	290
36+757	793
40+86	126
52+237	289
50+759	809
76+63	139
932+46	978
39+52	91
41+310	351
155+95	250
97+99	196
327+87	414
76+429	505
66+90	156
18+72	90
34+16	50
244+36	280
21+32	53
662+36	698
74+20	94
69+418	487
35+41	76
32+720	752
48+46	94
559+91	650
44+71	115
56+60	116
31+582	613
64+617	681
852+65	917
71+12	83
64+974	1038
48+86	134
256+80	336
279+42	321
69+413	482
46+484	530
720+71	791
52+27	79
580+35	615
34+10	44
74+57	131
61+525	586
57+493	550
49+756	805
172+62	234
25+59	84
266+34	300
42+889	931
456+75	531
600+91	691
477+99	576
93+59	152
41+348	389
14+932	946
90+823	913
128+99	227
760+28	788
87+566	653
250+42	292
87+84	171
961+30	991
24+21	45
828+59	887
85+182	267
293+64	357
64+42	106
409+74	483
774+58	832
415+62	477
990+21	1011
91+83	174
28+375	403
314+60	374
415+10	425
72+10	82
18+99	117
77+526	603
395+65	460
32+57	89
27+35	62
33+614	647
67+82	149
33+35	68
33+34	67
62+551	613
739+23	762
270+20	290
20+486	506
45+18	63
13+699	712
71+72	143
878+22	900
17+44	61
95+84	179
22+37	59
910+10	920
87+632	719
72+584	656
87+539	626
57+798	855
50+936	986
56+95	151
58+725	783
55+52	107
10+68	78
511+27	538
87+25	112
386+99	485
57+67	124
802+94	896
75+523	598
292+10	302
932+51	983
91+56	147
51+96	147
39+721	760
61+856	917
913+20	933
64+587	651
977+99	1076
59+47	106
299+28	327
997+83	1080
616+14	630
73+21	94
96+661	757
31+556	587
71+94	165
346+41	387
31+94	125
191+23	214
13+264	277
59+884	943
38+836	874
95+587	682
226+95	321
78+91	169
603+21	624
440+38	478
884+86	970
92+53	145
58+769	827
903+81	984
39+328	367
24+397	421
24+21	45
85+292	377
218+83	301
26+973	999
58+690	748
101+49	150
85+78	163
59+64	123
56+916	972
915+26	941
779+87	866
327+23	350
11+651	662
50+248	298
38+611	649
566+28	594
390+28	418
781+99	880
86+50	136
74+805	879
45+83	128
90+948	1038
73+47	120
485+17	502
29+947	976
315+38	353
853+16	869
72+60	132
94+968	1062
12+80	92
53+532	585
584+54	638
60+173	233
844+46	890
99+299	398
976+80	1056
22+234	256
84+986	1070
48+68	116
267+83	350
66+99	165
47+248	295
37+35	72
766+11	777
83+204	287
904+28	932
64+795	859
17+22	39
70+283	353
25+75	100
446+85	531
29+742	771
513+41	554
25+40	65
72+409	481
710+32	742
863+58	921
914+95	1009
191+69	260
491+45	536
768+66	834
11+222	233
20+25	45
92+784	876
330+12	342
686+83	769
45+810	855
196+85	281
59+71	130
819+65	884
83+228	311
51+18	69
982+78	1060
61+99	160
60+81	141
902+77	979
18+631	649
651+93	744
36+94	130
33+86	119
284+10	294
557+50	607
15+26	41
311+93	404
21+81	102
14+186	200
74+48	122
79+275	354
94+100	194
48+15	63
901+47	948
646+66	712
83+72	155
420+76	496
87+651	738
314+98	412
94+15	109
14+34	48
48+37	85
87+80	167
85+55	140
26+846	872
532+19	551
361+43	404
93+267	360
68+185	253
96+535	631
246+78	324
19+90	109
375+91	466
761+34	795
481+82	563
763+75	838
267+63	330
50+65	115
13+718	731
19+44	63
78+24	102
661+62	723
52+91	143
56+52	108
28+989	1017
45+11	56
58+38	96
23+901	924
32+77	109
996+49	1045
941+72	1013
77+54	131
685+46	731
377+87	464
16+31	47
59+285	344
96+907	1003
664+86	750
71+706	777
43+11	54
625+29	654
229+28	257
82+853	935
16+842	858
479+41	520
723+63	786
568+33	601
55+917	972
74+393	467
64+633	697
933+39	972
91+978	1069
49+62	111
21+749	770
19+40	59
31+83	114
20+46	66
604+11	615
96+620	716
239+71	310
75+801	876
645+99	744
61+11	72
294+10	304
535+99	634
867+54	921
94+77	171
723+15	738
559+31	590
882+77	959
32+19	51
27+626	653
16+532	548
58+274	332
24+446	470
355+79	434
47+48	95
47+371	418
10+90	100
503+37	540
92+627	719
69+89	158
17+464	481
88+68	156
48+462	510
10+54	64
290+61	351
11+203	214
72+302	374
77+75	152
62+25	87
10+259	269
356+38	394
60+483	543
56+538	594
78+44	122
66+94	160
30+243	273
65+105	170
35+213	248
46+15	61
60+63	123
439+14	453
95+35	130
95+372	467
63+72	135
607+97	704
230+51	281
74+843	917
963+59	1022
24+23	47
26+29	55
74+113	187
342+16	358
949+53	1002
86+855	941
65+71	136
46+597	643
64+41	105
256+75	331
41+45	86
43+99	142
95+64	159
70+23	93
847+74	921
285+34	319
744+91	835
39+25	64
61+14	75
34+249	283
12+731	743
21+16	37
62+637	699
99+748	847
38+53	91
71+162	233
537+92	629
48+24	72
56+387	443
63+352	415
16+286	302
10+16	26
862+51	913
46+70	116
87+203	290
33+358	391
56+442	498
24+199	223
113+97	210
888+26	914
56+859	915
85+641	726
480+40	520
382+36	418
493+21	514
26+90	116
716+25	741
85+93	178
34+67	101
19+79	98
451+48	499
585+35	620
838+29	867
26+34	60
80+828	908
81+455	536
67+744	811
220+65	285
71+63	134
615+12	627
86+45	131
232+47	279
82+17	99
294+60	354
97+645	742
176+31	207
75+493	568
898+59	957
87+378	465
33+10	43
83+37	120
813+11	824
566+74	640
837+77	914
48+972	1020
47+44	91
221+31	252
15+78	93
47+15	62
251+45	296
44+16	60
354+36	390
218+10	228
455+90	545
477+51	528
80+43	123
236+62	298
401+51	452
90+11	101
38+848	886
32+362	394
78+94	172
208+98	306
93+363	456
749+87	836
311+66	377
51+44	95
84+90	174
29+556	585
65+57	122
71+21	92
33+570	603
32+34	66
602+33	635
388+12	400
30+281	311
97+722	819
18+28	46
64+41	105
92+512	604
77+27	104
868+11	879
202+58	260
12+212	224
92+15	107
41+20	61
28+742	770
113+11	124
79+53	132
187+35	222
71+82	153
30+414	444
71+258	329
17+79	96
373+90	463
226+12	238
23+79	102
23+623	646
28+101	129
13+39	52
59+250	309
93+393	486
97+59	156
832+24	856
31+212	243
23+46	69
19+730	749
25+469	494
15+87	102
32+64	96
442+86	528
96+64	160
95+97	192
89+937	1026
54+996	1050
44+73	117
477+43	520
917+19	936
29+93	122
50+28	78
67+838	905
18+215	233
537+45	582
21+51	72
33+59	92
50+606	656
71+810	881
87+912	999
441+27	468
351+59	410
80+609	689
646+73	719
649+39	688
20+694	714
531+77	608
895+98	993
324+99	423
40+56	96
36+12	48
81+585	666
24+17	41
56+969	1025
47+68	115
80+63	143
36+38	74
27+25	52
820+28	848
13+812	825
57+155	212
208+94	302
175+71	246
991+30	1021
28+56	84
20+41	61
11+82	93
29+883	912
70+27	97
640+99	739
70+521	591
445+66	511
811+11	822
24+259	283
92+14	106
869+32	901
264+11	275
64+796	860
80+828	908
83+613	696
39+533	572
44+21	65
486+26	512
316+61	377
157+38	195
33+942	975
672+87	759
98+69	167
50+768	818
514+58	572
16+57	73
534+34	568
23+206	229
56+87	143
13+345	358
30+654	684
18+37	55
111+49	160
80+35	115
133+40	173
20+683	703
145+82	227
15+149	164
21+416	437
55+46	101
74+299	373
60+843	903
26+819	845
199+52	251
74+203	277
926+29	955
85+58	143
85+989	1074
47+30	77
97+69	166
90+21	111
337+37	374
769+28	797
264+74	338
846+87	933
635+53	688
26+447	473
56+738	794
15+829	844
496+40	536
88+87	175
29+82	111
609+22	631
28+49	77
988+21	1009
22+565	587
31+402	433
18+45	63
472+55	527
19+32	51
890+68	958
70+362	432
93+243	336
82+72	154
56+46	102
62+977	1039
796+26	822
56+624	680
421+57	478
97+62	159
560+43	603
143+89	232
158+41	199
940+81	1021
29+23	52
58+262	320
508+19	527
59+69	128
195+54	249
69+757	826
937+69	1006
20+33	53
210+60	270
35+511	546
18+424	442
87+597	684
99+70	169
45+68	113
79+29	108
28+755	783
50+82	132
86+58	144
56+65	121
37+155	192
12+97	109
44+358	402
280+20	300
18+45	63
20+405	425
562+63	625
319+95	414
33+950	983
21+64	85
48+268	316
54+63	117
70+648	718
902+30	932
547+55	602
684+59	743
81+86	167
19+95	114
731+28	759
95+943	1038
860+50	910
29+68	97
73+50	123
96+62	158
76+839	915
67+26	93
560+91	651
199+14	213
34+63	97
659+31	690
486+37	523
36+295	331
690+11	701
56+116	172
49+614	663
99+73	172
566+62	628
55+460	515
536+76	612
24+280	304
64+482	546
80+86	166
79+65	144
46+965	1011
805+97	902
91+390	481
735+22	757
23+21	44
116+88	204
23+608	631
869+89	958
202+91	293
74+695	769
95+47	142
37+328	365
80+490	570
35+70	105
54+69	123
92+820	912
505+10	515
38+619	657
44+774	818
49+958	1007
96+347	443
63+14	77
13+29	42
76+939	1015
714+50	764
31+685	716
40+669	709
34+731	765
502+16	518
539+26	565
499+32	531
50+629	679
65+39	104
26+74	100
90+83	173
90+366	456
262+51	313
21+21	42
65+11	76
888+85	973
13+89	102
656+20	676
491+13	504
851+26	877
91+746	837
33+345	378
327+48	375
78+41	119
898+58	956
94+152	246
20+247	267
123+91	214
987+23	1010
68+86	154
23+28	51
43+284	327
19+73	92
36+500	536
72+12	84
19+598	617
178+36	214
529+58	587
91+561	652
33+48	81
32+94	126
746+87	833
25+53	78
71+728	799
659+10	669
76+42	118
34+87	121
78+12	90
624+29	653
56+24	80
13+51	64
38+20	58
808+26	834
45+593	638
21+54	75
664+93	757
69+863	932
65+624	689
34+356	390
35+97	132
387+60	447
84+85	169
31+913	944
72+65	137
64+710	774
378+50	428
210+87	297
64+304	368
461+57	518
939+18	957
31+134	165
359+85	444
47+718	765
643+55	698
13+217	230
51+64	115
55+41	96
37+94	131
57+248	305
25+109	134
98+111	209
436+37	473
82+914	996
39+675	714
59+46	105
317+77	394
23+81	104
87+926	1013
176+83	259
531+97	628
50+932	982
35+301	336
73+73	146
45+63	108
25+67	92
86+51	137
492+40	532
121+46	167
92+83	175
69+46	115
61+14	75
640+15	655
92+116	208
70+22	92
48+381	429
54+509	563
81+50	131
88+148	236
48+813	861
73+969	1042
224+57	281
205+13	218
16+11	27
23+51	74
841+65	906
31+21	52
57+78	135
98+16	114
15+213	228
48+19	67
52+804	856
910+58	968
99+274	373
84+68	152
26+50	76
84+62	146
557+95	652
76+77	153
83+71	154
601+45	646
71+331	402
43+47	90
184+55	239
955+41	996
762+36	798
179+19	198
17+317	334
95+37	132
59+292	351
23+448	471
85+77	162
979+50	1029
68+771	839
74+23	97
38+56	94
67+988	1055
625+35	660
34+170	204
64+268	332
414+83	497
204+28	232
23+862	885
40+12	52
33+373	406
70+94	164
563+55	618
25+663	688
55+65	120
29+60	89
541+75	616
16+551	567
57+200	257
93+58	151
532+34	566
34+512	546
86+45	131
722+73	795
543+23	566
151+92	243
24+38	62
16+14	30
372+40	412
78+22	100
38+735	773
833+61	894
60+203	263
98+44	142
36+275	311
54+91	145
86+394	480
103+22	125
74+99	173
588+49	637
344+31	375
97+171	268
33+52	85
28+113	141
585+64	649
12+281	293
19+274	293
878+11	889
460+70	530
101+72	173
70+24	94
12+82	94
397+39	436
615+31	646
22+22	44
52+563	615
54+658	712
94+598	692
56+569	625
55+48	103
441+76	517
977+86	1063
24+376	400
631+91	722
28+62	90
94+28	122
73+131	204
83+99	182
56+311	367
191+34	225
91+210	301
90+795	885
560+77	637
43+96	139
52+500	552
527+45	572
34+142	176
632+99	731
88+225	313
68+680	748
46+212	258
73+97	170
69+97	166
76+47	123
671+95	766
48+72	120
18+918	936
11+564	575
37+46	83
226+16	242
49+105	154
55+776	831
16+42	58
54+46	100
781+81	862
21+44	65
35+65	100
182+47	229
14+70	84
41+931	972
752+59	811
61+200	261
48+711	759
32+677	709
96+996	1092
84+242	326
886+35	921
27+526	553
304+48	352
20+404	424
743+69	812
287+58	345
22+241	263
552+98	650
74+801	875
466+69	535
64+577	641
62+572	634
81+13	94
21+873	894
88+48	136
84+75	159
26+735	761
679+47	726
60+26	86
95+106	201
76+571	647
20+17	37
93+209	302
86+199	285
82+593	675
439+17	456
84+96	180
857+16	873
309+76	385
81+73	154
38+96	134
972+29	1001
90+418	508
106+72	178
804+35	839
18+10	28
87+25	112
199+41	240
23+70	93
74+66	140
17+224	241
61+595	656
40+79	119
88+797	885
94+731	825
65+28	93
122+33	155
94+40	134
75+99	174
305+70	375
47+396	443
202+85	287
57+783	840
60+495	555
919+23	942
63+933	996
28+128	156
68+223	291
498+11	509
410+14	424
766+94	860
555+15	570
27+579	606
569+45	614
30+55	85
976+74	1050
54+77	131
75+164	239
93+29	122
93+836	929
447+68	515
979+27	1006
94+410	504
18+959	977
595+58	653
87+774	861
83+74	157
638+43	681
99+51	150
694+54	748
732+61	793
15+13	28
262+39	301
95+23	118
96+587	683
39+890	929
914+40	954
32+59	91
18+163	181
356+24	380
19+66	85
87+746	833
32+51	83
99+67	166
27+752	779
669+35	704
42+72	114
96+392	488
35+30	65
77+928	1005
21+84	105
90+95	185
36+14	50
10+56	66
82+659	741
53+33	86
847+92	939
608+34	642
83+70	153
460+55	515
672+27	699
66+64	130
485+19	504
180+26	206
405+22	427
73+39	112
86+79	165
12+329	341
42+499	541
466+18	484
46+19	65
689+40	729
725+74	799
61+733	794
79+99	178
84+70	154
93+130	223
53+63	116
35+442	477
27+36	63
936+52	988
999+17	1016
73+19	92
724+99	823
54+19	73
86+857	943
182+80	262
26+377	403
142+23	165
73+74	147
93+54	147
71+410	481
12+17	29
35+78	113
980+58	1038
800+12	812
593+16	609
58+812	870
65+99	164
80+241	321
66+25	91
476+55	531
53+65	118
40+39	79
85+11	96
62+78	140
146+11	157
355+17	372
17+26	43
33+389	422
50+54	104
770+41	811
26+720	746
71+773	844
94+19	113
42+79	121
73+55	128
66+48	114
80+399	479
350+77	427
50+814	864
615+23	638
54+62	116
736+72	808
20+308	328
76+39	115
80+315	395
57+28	85
40+99	139
93+882	975
24+121	145
14+376	390
85+493	578
20+161	181
88+493	581
12+983	995
59+554	613
38+36	74
33+775	808
78+153	231
412+14	426
881+54	935
87+53	140
85+321	406
53+89	142
64+901	965
853+17	870
80+59	139
794+46	840
574+64	638
836+82	918
366+30	396
69+863	932
26+11	37
97+380	477
41+79	120
53+684	737
14+730	744
56+375	431
356+93	449
112+25	137
82+776	858
43+967	1010
66+69	135
66+11	77
14+467	481
91+964	1055
323+62	385
84+20	104
88+664	752
18+551	569
43+45	88
73+230	303
90+32	122
89+93	182
39+24	63
139+33	172
618+66	684
424+15	439
834+39	873
43+42	85
96+55	151
835+15	850
340+54	394
19+74	93
24+623	647
40+36	76
83+480	563
525+19	544
536+46	582
13+51	64
907+56	963
62+767	829
70+401	471
131+30	161
15+397	412
85+13	98
87+37	124
75+832	907
620+84	704
452+37	489
84+133	217
843+29	872
93+180	273
38+82	120
688+90	778
851+63	914
850+25	875
917+16	933
583+94	677
632+66	698
44+299	343
400+41	441
41+918	959
39+566	605
24+809	833
66+62	128
20+460	480
617+19	636
93+595	688
335+67	402
39+683	722
78+41	119
96+698	794
241+87	328
46+449	495
25+183	208
63+617	680
83+73	156
891+35	926
68+11	79
25+63	88
80+828	908
22+229	251
65+13	78
270+19	289
75+77	152
64+462	526
61+99	160
347+47	394
53+53	106
723+88	811
15+19	34
463+67	530
90+560	650
954+65	1019
71+816	887
33+85	118
185+29	214
85+85	170
96+764	860
58+428	486
32+620	652
702+45	747
39+48	87
53+149	202
630+77	707
620+64	684
51+493	544
32+246	278
36+65	101
384+83	467
421+22	443
46+269	315
46+45	91
66+329	395
46+43	89
871+23	894
95+45	140
22+36	58
958+75	1033
13+86	99
79+78	157
10+72	82
57+36	93
83+536	619
555+76	631
68+47	115
25+66	91
73+369	442
27+45	72
784+24	808
20+862	882
19+51	70
74+52	126
68+745	813
625+96	721
98+50	148
65+22	87
913+76	989
34+961	995
776+90	866
91+90	181
41+27	68
485+38	523
300+43	343
29+596	625
73+46	119
35+91	126
76+37	113
65+18	83
81+725	806
32+14	46
98+369	467
489+90	579
340+91	431
71+643	714
284+48	332
47+95	142
72+915	987
501+86	587
79+592	671
22+324	346
46+63	109
51+353	404
535+24	559
69+50	119
216+54	270
507+26	533
72+715	787
97+340	437
47+44	91
320+62	382
81+51	132
96+425	521
60+928	988
64+508	572
16+374	390
38+447	485
938+15	953
67+519	586
83+31	114
311+90	401
88+88	176
26+719	745
120+12	132
21+899	920
441+55	496
164+93	257
76+36	112
78+303	381
78+60	138
334+47	381
57+52	109
37+666	703
354+11	365
12+77	89
74+60	134
15+260	275
48+124	172
90+98	188
14+44	58
226+58	284
510+26	536
997+44	1041
19+19	38
839+63	902
11+79	90
255+22	277
702+60	762
87+49	136
64+624	688
123+48	171
68+307	375
43+93	136
582+58	640
64+195	259
62+81	143
71+391	462
646+74	720
58+12	70
60+481	541
831+23	854
38+691	729
60+39	99
57+588	645
211+92	303
52+247	299
185+22	207
273+36	309
85+355	440
28+61	89
958+70	1028
840+82	922
17+73	90
62+418	480
445+29	474
51+98	149
713+62	775
44+98	142
81+72	153
611+50	661
341+51	392
71+626	697
979+20	999
64+99	163
58+26	84
30+76	106
224+31	255
66+24	90
64+73	137
90+77	167
27+866	893
528+61	589
47+25	72
47+837	884
377+76	453
88+480	568
765+31	796
47+76	123
309+88	397
480+76	556
357+70	427
36+438	474
837+27	864
77+70	147
50+63	113
29+70	99
10+49	59
292+35	327
196+78	274
52+196	248
89+69	158
260+18	278
91+672	763
54+90	144
34+45	79
64+698	762
413+57	470
885+61	946
81+654	735
775+35	810
85+29	114
37+45	82
43+82	125
26+76	102
760+59	819
83+890	973
719+45	764
992+88	1080
584+36	620
10+39	49
21+88	109
28+31	59
10+431	441
16+27	43
926+66	992
95+583	678
48+612	660
40+81	121
58+892	950
70+463	533
76+424	500
180+87	267
31+91	122
28+960	988
81+552	633
98+907	1005
97+223	320
545+93	638
32+125	157
69+889	958
454+64	518
88+81	169
58+57	115
11+35	46
56+638	694
10+85	95
52+196	248
42+614	656
87+44	131
92+45	137
590+60	650
99+42	141
90+158	248
943+13	956
582+87	669
565+72	637
70+92	162
926+23	949
57+13	70
830+29	859
853+32	885
20+63	83
17+66	83
827+17	844
22+978	1000
384+34	418
728+12	740
96+968	1064
31+700	731
475+76	551
95+61	156
95+785	880
18+34	52
251+44	295
32+66	98
45+87	132
98+74	172
32+750	782
962+10	972
45+674	719
25+449	474
82+956	1038
188+82	270
21+219	240
33+21	54
50+85	135
120+31	151
37+91	128
68+183	251
352+49	401
757+34	791
873+26	899
16+488	504
393+32	425
27+678	705
62+331	393
44+35	79
47+43	90
550+43	593
72+55	127
472+54	526
635+67	702
803+31	834
84+59	143
78+82	160
99+65	164
92+930	1022
915+46	961
53+99	152
664+44	708
75+36	111
37+578	615
14+218	232
774+90	864
70+27	97
85+430	515
82+486	568
702+14	716
99+207	306
467+11	478
63+70	133
53+763	816
33+55	88
30+578	608
290+12	302
88+567	655
689+98	787
61+584	645
42+57	99
445+71	516
510+48	558
39+74	113
63+64	127
83+510	593
129+30	159
270+48	318
814+77	891
82+27	109
94+52	146
21+49	70
54+68	122
31+571	602
94+28	122
32+48	80
20+289	309
36+65	101
41+29	70
668+57	725
71+30	101
22+582	604
803+60	863
317+70	387
485+69	554
348+22	370
26+425	451
61+51	112
96+847	943
86+503	589
173+54	227
95+858	953
127+38	165
282+40	322
56+448	504
942+10	952
713+60	773
92+39	131
73+34	107
37+48	85
21+447	468
93+284	377
29+391	420
59+791	850
14+367	381
32+267	299
97+629	726
69+20	89
97+850	947
93+61	154
30+50	80
83+74	157
97+565	662
72+93	165
511+64	575
48+64	112
91+218	309
926+67	993
481+70	551
443+78	521
24+904	928
64+78	142
96+181	277
10+53	63
704+43	747
75+88	163
993+68	1061
16+575	591
15+224	239
68+475	543
86+97	183
42+535	577
96+403	499
79+44	123
47+55	102
12+557	569
48+751	799
86+24	110
14+644	658
505+41	546
20+78	98
26+28	54
605+65	670
54+569	623
732+41	773
940+77	1017
569+15	584
51+57	108
28+87	115
753+22	775
75+842	917
53+91	144
409+64	473
12+288	300
363+93	456
181+65	246
34+83	117
48+730	778
652+41	693
918+16	934
83+584	667
65+45	110
805+33	838
74+787	861
87+61	148
96+46	142
10+516	526
12+63	75
232+45	277
69+713	782
425+22	447
38+12	50
432+38	470
88+46	134
829+87	916
85+530	615
709+52	761
498+70	568
112+53	165
50+454	504
29+573	602
610+36	646
814+31	845
499+42	541
14+776	790
180+90	270
81+453	534
36+77	113
48+398	446
67+790	857
13+259	272
698+31	729
460+82	542
63+883	946
46+81	127
602+40	642
78+234	312
87+970	1057
22+60	82
37+24	61
396+32	428
61+80	141
55+869	924
63+86	149
50+888	938
90+208	298
803+91	894
425+74	499
645+60	705
61+73	134
46+945	991
30+994	1024
61+46	107
78+52	130
93+276	369
200+59	259
768+63	831
62+293	355
129+89	218
27+88	115
615+20	635
684+62	746
51+88	139
31+82	113
583+97	680
57+12	69
715+93	808
80+623	703
30+68	98
40+279	319
35+430	465
47+18	65
36+83	119
68+350	418
717+66	783
32+69	101
756+24	780
957+52	1009
41+69	110
171+10	181
133+97	230
516+76	592
59+172	231
43+833	876
223+87	310
646+13	659
71+947	1018
161+47	208
15+472	487
75+744	819
550+64	614
23+28	51
84+871	955
31+56	87
94+447	541
41+71	112
43+22	65
92+810	902
68+72	140
43+53	96
98+555	653
67+816	883
82+381	463
136+27	163
76+46	122
38+57	95
471+47	518
30+681	711
412+70	482
550+96	646
29+861	890
231+28	259
399+59	458
91+333	424
37+84	121
28+698	726
43+56	99
620+76	696
71+733	804
54+92	146
85+74	159
76+483	559
72+763	835
77+71	148
71+58	129
95+18	113
38+416	454
38+29	67
87+896	983
908+25	933
301+55	356
68+683	751
112+77	189
35+56	91
133+61	194
201+52	253
168+44	212
647+78	725
17+67	84
635+41	676
42+33	75
766+41	807
98+68	166
15+87	102
80+384	464
34+18	52
76+48	124
36+39	75
84+84	168
69+200	269
900+16	916
91+174	265
71+24	95
20+587	607
22+79	101
320+86	406
48+682	730
84+65	149
66+92	158
85+91	176
873+68	941
42+62	104
377+73	450
280+52	332
594+75	669
92+406	498
78+354	432
45+794	839
615+49	664
550+24	574
72+10	82
75+581	656
30+283	313
65+96	161
22+982	1004
53+753	806
651+33	684
23+39	62
49+74	123
50+884	934
583+23	606
407+88	495
83+96	179
51+30	81
60+31	91
88+94	182
51+76	127
93+709	802
44+334	378
70+976	1046
57+248	305
52+844	896
50+560	610
64+676	740
63+105	168
17+518	535
92+924	1016
68+45	113
35+36	71
833+42	875
57+124	181
64+909	973
51+671	722
856+35	891
89+74	163
45+209	254
41+30	71
71+838	909
581+15	596
499+98	597
598+41	639
87+700	787
17+203	220
91+53	144
78+478	556
46+213	259
27+867	894
51+62	113
29+85	114
83+304	387
190+66	256
51+83	134
881+94	975
81+643	724
98+122	220
18+99	117
856+50	906
67+865	932
33+51	84
39+571	610
52+303	355
820+43	863
87+865	952
27+25	52
520+64	584
72+917	989
77+17	94
482+12	494
547+14	561
994+51	1045
603+46	649
441+91	532
19+82	101
81+24	105
262+75	337
83+69	152
765+34	799
97+65	162
69+562	631
255+93	348
19+286	305
689+53	742
77+899	976
857+65	922
61+83	144
10+738	748
12+108	120
51+64	115
43+38	81
790+51	841
568+93	661
305+83	388
83+256	339
28+36	64
33+203	236
78+87	165
26+79	105
18+435	453
39+773	812
35+48	83
64+44	108
37+55	92
27+66	93
58+13	71
36+489	525
67+66	133
35+310	345
85+934	1019
21+32	53
692+76	768
30+36	66
72+87	159
50+525	575
36+21	57
468+71	539
75+214	289
12+107	119
63+509	572
55+56	111
18+544	562
407+39	446
186+93	279
929+59	988
12+381	393
762+51	813
28+41	69
82+11	93
76+29	105
98+70	168
17+86	103
94+47	141
89+524	613
63+32	95
76+29	105
928+95	1023
56+24	80
13+73	86
49+61	110
482+43	525
428+13	441
52+13	65
14+852	866
62+15	77
486+86	572
637+31	668
22+11	33
38+194	232
18+215	233
69+525	594
550+27	577
928+91	1019
49+70	119
42+231	273
94+652	746
88+784	872
198+71	269
83+300	383
38+75	113
28+38	66
184+22	206
513+46	559
207+41	248
42+33	75
775+48	823
69+784	853
632+76	708
373+26	399
64+483	547
248+84	332
971+14	985
918+59	977
149+35	184
11+28	39
134+40	174
60+51	111
83+71	154
54+292	346
990+83	1073
67+319	386
89+369	458
550+25	575
386+93	479
445+53	498
42+53	95
80+567	647
198+95	293
76+369	445
56+64	120
126+79	205
22+39	61
24+223	247
829+47	876
54+49	103
65+666	731
74+33	107
75+299	374
97+38	135
35+55	90
715+29	744
980+77	1057
148+78	226
79+335	414
643+31	674
30+202	232
269+91	360
979+89	1068
29+79	108
534+35	569
16+510	526
59+634	693
70+579	649
27+838	865
10+176	186
81+784	865
36+851	887
708+18	726
62+27	89
71+30	101
60+30	90
529+60	589
298+41	339
19+331	350
27+511	538
84+96	180
36+66	102
96+45	141
11+752	763
76+49	125
205+90	295
582+39	621
548+48	596
79+88	167
29+172	201
449+44	493
58+42	100
90+69	159
84+272	356
808+72	880
38+635	673
21+87	108
985+56	1041
95+73	168
542+63	605
91+23	114
45+357	402
620+52	672
95+956	1051
55+185	240
22+72	94
84+73	157
85+65	150
372+23	395
599+81	680
957+82	1039
87+631	718
491+15	506
210+85	295
200+83	283
25+40	65
84+788	872
718+63	781
15+455	470
907+66	973
83+984	1067
138+61	199
862+65	927
126+37	163
285+13	298
436+22	458
62+921	983
68+42	110
97+452	549
41+383	424
16+432	448
99+750	849
30+314	344
889+80	969
429+61	490
32+964	996
21+441	462
88+651	739
924+39	963
49+203	252
192+91	283
50+736	786
91+290	381
35+371	406
597+54	651
66+470	536
31+51	82
24+34	58
417+74	491
757+81	838
81+651	732
60+89	149
177+35	212
21+86	107
514+43	557
53+78	131
60+236	296
23+965	988
934+47	981
683+20	703
38+553	591
41+80	121
95+45	140
73+38	111
324+41	365
66+92	158
28+11	39
41+121	162
594+66	660
81+664	745
296+62	358
76+84	160
90+689	779
43+823	866
43+541	584
56+340	396
79+465	544
98+27	125
99+352	451
692+26	718
74+70	144
421+23	444
333+54	387
818+92	910
940+38	978
44+688	732
68+89	157
73+705	778
18+275	293
81+67	148
765+17	782
71+988	1059
251+18	269
462+18	480
382+82	464
13+830	843
602+65	667
882+27	909
37+777	814
49+651	700
790+48	838
39+683	722
516+28	544
797+85	882
10+724	734
55+85	140
19+88	107
77+62	139
265+34	299
86+32	118
13+93	106
25+439	464
22+61	83
817+97	914
62+490	552
585+27	612
33+198	231
55+281	336
540+42	582
21+288	309
61+305	366
54+92	146
183+53	236
22+636	658
12+720	732
81+17	98
482+22	504
10+77	87
10+51	61
49+128	177
676+57	733
32+34	66
735+73	808
78+37	115
22+993	1015
258+86	344
83+281	364
32+619	651
66+13	79
139+78	217
49+47	96
54+97	151
85+76	161
22+73	95
87+29	116
445+68	513
661+59	720
24+784	808
167+53	220
56+28	84
72+34	106
15+466	481
71+94	165
872+85	957
76+21	97
770+51	821
676+83	759
644+76	720
79+758	837
46+51	97
67+35	102
90+536	626
65+486	551
72+13	85
23+429	452
595+88	683
49+609	658
97+815	912
77+15	92
21+49	70
865+83	948
277+92	369
16+647	663
16+48	64
34+460	494
153+97	250
75+636	711
75+57	132
815+15	830
22+68	90
38+50	88
36+73	109
83+91	174
115+15	130
36+805	841
47+10	57
94+52	146
59+39	98
61+145	206
28+86	114
89+95	184
64+796	860
827+90	917
36+999	1035
854+44	898
98+110	208
62+486	548
34+936	970
42+714	756
90+98	188
15+812	827
26+778	804
328+19	347
217+24	241
72+18	90
78+51	129
42+97	139
811+60	871
78+393	471
82+367	449
25+60	85
21+81	102
35+230	265
136+70	206
23+214	237
14+59	73
20+98	118
40+65	105
479+66	545
246+66	312
887+15	902
615+34	649
50+15	65
114+29	143
42+279	321
69+305	374
157+60	217
29+398	427
165+38	203
90+34	124
94+838	932
13+992	1005
18+963	981
87+77	164
81+264	345
80+50	130
24+97	121
62+76	138
117+89	206
273+51	324
14+246	260
97+39	136
58+10	68
159+59	218
222+38	260
136+82	218
175+12	187
943+70	1013
760+59	819
97+730	827
67+866	933
97+72	169
356+54	410
565+71	636
68+78	146
38+247	285
91+848	939
59+42	101
57+12	69
48+247	295
68+62	130
654+39	693
26+960	986
461+36	497
63+527	590
67+554	621
69+472	541
51+781	832
27+840	867
310+41	351
34+82	116
94+89	183
69+661	730
57+759	816
37+502	539
70+23	93
767+67	834
89+522	611
35+37	72
80+260	340
493+76	569
33+553	586
98+36	134
82+783	865
44+97	141
887+29	916
511+83	594
29+62	91
69+351	420
233+72	305
88+881	969
643+90	733
96+22	118
20+12	32
16+52	68
50+55	105
29+37	66
18+471	489
423+84	507
70+446	516
279+47	326
22+921	943
263+29	292
63+25	88
733+62	795
81+80	161
580+99	679
98+968	1066
24+94	118
66+22	88
27+58	85
58+588	646
12+85	97
937+56	993
84+685	769
67+12	79
95+680	775
53+187	240
18+281	299
89+48	137
503+29	532
95+35	130
428+47	475
911+20	931
87+918	1005
12+736	748
527+31	558
42+296	338
386+76	462
72+50	122
16+93	109
99+49	148
67+543	610
15+379	394
877+94	971
94+182	276
80+132	212
89+11	100
687+12	699
58+304	362
58+497	555
98+96	194
99+484	583
56+922	978
974+64	1038
53+235	288
43+665	708
72+46	118
20+560	580
186+95	281
75+216	291
26+23	49
19+32	51
18+257	275
920+40	960
19+11	30
113+53	166
172+29	201
741+68	809
994+52	1046
208+88	296
17+27	44
20+33	53
21+10	31
97+338	435
16+20	36
51+740	791
297+70	367
73+87	160
290+70	360
96+706	802
66+33	99
106+20	126
35+43	78
79+83	162
99+25	124
879+19	898
33+51	84
30+60	90
956+85	1041
86+522	608
755+46	801
64+42	106
40+643	683
93+97	190
46+872	918
18+17	35
73+54	127
161+89	250
20+790	810
556+11	567
790+21	811
85+889	974
99+797	896
794+18	812
368+50	418
55+860	915
57+611	668
72+420	492
862+34	896
85+31	116
98+55	153
69+572	641
61+574	635
67+256	323
59+63	122
27+50	77
90+252	342
56+114	170
94+276	370
85+33	118
22+12	34
70+253	323
53+302	355
73+60	133
48+80	128
39+294	333
87+841	928
65+545	610
72+95	167
55+23	78
51+71	122
396+28	424
76+73	149
63+72	135
49+90	139
53+90	143
97+733	830
88+224	312
232+77	309
53+842	895
98+984	1082
57+82	139
18+118	136
57+527	584
36+51	87
339+50	389
587+45	632
448+83	531
99+299	398
51+90	141
334+85	419
342+41	383
82+581	663
50+75	125
59+28	87
429+20	449
602+69	671
845+44	889
67+59	126
45+28	73
17+585	602
38+91	129
51+55	106
594+81	675
44+50	94
50+719	769
304+92	396
86+87	173
47+17	64
299+77	376
389+41	430
64+817	881
48+43	91
28+47	75
13+93	106
880+63	943
57+69	126
67+90	157
81+260	341
554+50	604
45+68	113
35+823	858
564+46	610
85+26	111
12+226	238
51+80	131
57+245	302
58+663	721
90+65	155
431+60	491
51+88	139
92+46	138
82+874	956
140+75	215
26+73	99
18+27	45
23+76	99
40+21	61
55+446	501
62+53	115
73+61	134
163+77	240
92+908	1000
98+258	356
942+21	963
67+30	97
43+39	82
17+92	109
671+13	684
92+99	191
71+15	86
38+39	77
27+74	101
51+496	547
786+60	846
75+47	122
13+785	798
813+63	876
169+15	184
85+14	99
39+84	123
10+457	467
182+84	266
75+948	1023
60+37	97
78+10	88
862+89	951
44+669	713
75+497	572
35+87	122
52+300	352
43+502	545
93+46	139
13+556	569
767+95	862
888+61	949
33+24	57
59+23	82
995+36	1031
82+48	130
790+37	827
937+48	985
69+155	224
741+39	780
963+42	1005
75+13	88
11+321	332
52+36	88
59+837	896
68+500	568
871+31	902
71+674	745
392+95	487
19+88	107
10+13	23
151+11	162
10+410	420
58+846	904
263+22	285
57+37	94
295+64	359
997+57	1054
45+63	108
122+48	170
25+48	73
43+68	111
25+91	116
798+13	811
32+114	146
21+40	61
84+811	895
379+44	423
99+82	181
18+848	866
256+37	293
60+96	156
13+138	151
65+950	1015
62+279	341
83+15	98
164+45	209
388+71	459
44+13	57
378+34	412
98+67	165
93+15	108
955+65	1020
819+72	891
16+46	62
21+712	733
68+940	1008
79+267	346
94+480	574
664+79	743
51+91	142
62+278	340
511+57	568
54+885	939
28+933	961
869+73	942
655+62	717
65+188	253
359+27	386
55+760	815
67+871	938
982+97	1079
15+53	68
980+90	1070
86+53	139
747+30	777
242+36	278
505+20	525
24+613	637
142+76	218
83+10	93
80+780	860
39+97	136
906+52	958
24+433	457
956+57	1013
504+76	580
939+60	999
83+54	137
517+98	615
38+91	129
564+29	593
871+34	905
100+74	174
73+28	101
98+49	147
61+48	109
79+91	170
34+13	47
13+47	60
36+33	69
173+18	191
67+221	288
55+777	832
11+814	825
407+53	460
57+313	370
64+734	798
589+91	680
707+15	722
603+14	617
50+459	509
42+99	141
59+870	929
888+22	910
98+701	799
459+97	556
13+489	502
72+21	93
42+656	698
20+41	61
950+90	1040
68+58	126
445+40	485
580+14	594
49+665	714
975+67	1042
88+62	150
11+97	108
85+96	181
74+66	140
74+33	107
45+813	858
497+78	575
841+16	857
84+220	304
629+72	701
67+47	114
15+47	62
439+64	503
97+29	126
35+71	106
41+105	146
93+280	373
15+409	424
38+53	91
697+73	770
66+99	165
22+31	53
26+87	113
124+66	190
56+913	969
540+12	552
637+98	735
91+656	747
63+70	133
45+65	110
818+64	882
18+21	39
95+466	561
61+619	680
27+25	52
30+21	51
291+95	386
67+94	161
482+81	563
71+168	239
289+84	373
24+673	697
39+35	74
48+27	75
818+60	878
57+17	74
907+11	918
77+95	172
84+643	727
48+27	75
41+981	1022
37+293	330
586+71	657
37+201	238
59+80	139
742+79	821
28+95	123
75+28	103
71+75	146
82+31	113
90+62	152
470+38	508
62+161	223
15+991	1006
60+128	188
95+57	152
67+720	787
26+71	97
909+75	984
92+992	1084
261+40	301
633+46	679
19+543	562
131+63	194
81+20	101
895+28	923
140+57	197
60+387	447
93+926	1019
48+956	1004
719+51	770
70+623	693
59+875	934
703+98	801
798+87	885
776+83	859
70+53	123
98+72	170
78+629	707
746+18	764
90+374	464
46+708	754
333+50	383
40+679	719
54+49	103
52+76	128
521+45	566
86+534	620
774+34	808
905+27	932
402+34	436
802+56	858
655+80	735
36+917	953
84+632	716
25+47	72
352+36	388
908+91	999
33+763	796
57+351	408
71+834	905
82+570	652
449+28	477
87+173	260
25+485	510
502+10	512
34+42	76
68+663	731
940+45	985
681+63	744
44+16	60
90+601	691
210+70	280
59+420	479
27+33	60
56+16	72
18+45	63
80+78	158
26+902	928
97+64	161
15+94	109
161+11	172
53+89	142
383+46	429
40+336	376
89+87	176
869+44	913
462+40	502
12+80	92
424+38	462
59+36	95
731+12	743
21+83	104
728+44	772
25+197	222
62+38	100
68+88	156
32+38	70
23+103	126
95+49	144
84+981	1065
969+59	1028
37+337	374
20+62	82
554+66	620
59+88	147
12+654	666
36+789	825
65+908	973
450+51	501
73+74	147
497+66	563
310+57	367
19+86	105
799+58	857
61+36	97
50+55	105
45+354	399
397+39	436
86+998	1084
13+802	815
349+92	441
166+67	233
919+12	931
83+453	536
58+120	178
65+841	906
64+191	255
42+456	498
44+56	100
71+261	332
38+84	122
629+86	715
929+35	964
58+56	114
39+21	60
262+21	283
812+80	892
42+20	62
361+67	428
47+28	75
45+991	1036
39+62	101
31+633	664
39+21	60
153+83	236
901+32	933
80+581	661
31+341	372
35+87	122
178+18	196
44+32	76
227+69	296
879+57	936
283+29	312
291+41	332
51+31	82
75+932	1007
74+74	148
60+27	87
16+70	86
26+40	66
954+57	1011
901+45	946
41+565	606
24+41	65
91+87	178
18+58	76
10+46	56
77+918	995
96+872	968
80+654	734
513+77	590
92+632	724
87+691	778
957+61	1018
77+517	594
74+73	147
14+36	50
86+57	143
24+718	742
58+484	542
57+124	181
72+303	375
37+65	102
868+28	896
85+909	994
243+93	336
60+350	410
12+39	51
42+598	640
69+829	898
57+309	366
26+525	551
41+28	69
203+47	250
16+458	474
59+769	828
19+712	731
55+940	995
664+71	735
71+18	89
52+298	350
74+269	343
22+28	50
828+81	909
17+125	142
323+90	413
480+13	493
61+442	503
571+54	625
434+46	480
16+920	936
699+25	724
72+543	615
137+95	232
846+82	928
168+29	197
52+776	828
550+91	641
28+245	273
21+88	109
45+503	548
15+15	30
11+236	247
63+82	145
63+29	92
80+681	761
36+100	136
30+14	44
71+905	976
38+69	107
96+73	169
20+95	115
53+731	784
481+70	551
83+671	754
933+52	985
780+51	831
259+95	354
955+85	1040
798+45	843
896+41	937
12+65	77
44+436	480
407+73	480
514+16	530
407+42	449
28+81	109
38+41	79
29+200	229
655+74	729
62+860	922
63+680	743
48+183	231
30+89	119
94+167	261
17+546	563
65+257	322
70+131	201
57+221	278
40+598	638
60+702	762
61+65	126
46+41	87
923+31	954
30+712	742
85+485	570
22+20	42
11+29	40
538+73	611
99+92	191
16+10	26
32+133	165
47+56	103
802+99	901
95+685	780
15+31	46
52+202	254
84+20	104
88+10	98
31+60	91
23+373	396
398+88	486
173+88	261
27+166	193
87+972	1059
30+758	788
627+22	649
87+329	416
390+14	404
53+780	833
98+70	168
55+621	676
47+769	816
934+61	995
40+913	953
95+434	529
40+69	109
29+14	43
17+85	102
28+23	51
26+252	278
175+46	221
98+427	525
344+71	415
62+225	287
784+95	879
846+85	931
36+584	620
134+56	190
60+34	94
18+150	168
42+59	101
73+69	142
507+51	558
27+935	962
64+774	838
82+988	1070
288+10	298
42+63	105
72+52	124
15+27	42
75+87	162
45+307	352
284+63	347
11+90	101
53+919	972
481+53	534
23+71	94
306+37	343
52+97	149
978+74	1052
77+500	577
704+88	792
301+65	366
919+15	934
85+660	745
78+873	951
15+391	406
12+517	529
742+18	760
63+574	637
685+39	724
85+328	413
43+407	450
972+14	986
95+84	179
60+371	431
77+39	116
38+67	105
60+10	70
16+177	193
78+933	1011
526+12	538
989+91	1080
86+779	865
73+84	157
78+94	172
394+24	418
59+81	140
436+32	468
771+35	806
97+64	161
52+92	144
71+12	83
26+43	69
94+47	141
363+63	426
64+36	100
267+56	323
46+49	95
808+80	888
170+19	189
25+10	35
18+44	62
24+67	91
25+612	637
576+75	651
71+95	166
384+20	404
21+461	482
59+34	93
356+12	368
923+21	944
30+28	58
30+634	664
647+34	681
90+459	549
53+59	112
23+926	949
894+61	955
31+34	65
752+71	823
865+99	964
39+94	133
81+889	970
59+429	488
477+35	512
14+67	81
10+83	93
12+780	792
93+446	539
10+422	432
20+237	257
86+76	162
884+24	908
239+70	309
80+664	744
879+53	932
89+14	103
424+41	465
78+941	1019
47+139	186
17+48	65
240+99	339
58+256	314
53+970	1023
19+643	662
19+610	629
48+516	564
13+46	59
33+828	861
27+77	104
713+22	735
24+197	221
52+425	477
33+83	116
84+20	104
16+45	61
80+872	952
979+20	999
662+83	745
659+48	707
773+48	821
61+15	76
63+195	258
441+44	485
153+27	180
22+85	107
23+71	94
70+56	126
79+209	288
30+705	735
913+41	954
52+31	83
93+82	175
987+23	1010
931+12	943
37+846	883
229+31	260
941+97	1038
344+62	406
97+76	173
83+913	996
894+34	928
80+343	423
65+37	102
782+59	841
77+47	124
27+514	541
521+84	605
44+355	399
976+25	1001
530+42	572
719+73	792
24+61	85
295+42	337
231+83	314
92+84	176
95+41	136
15+39	54
15+19	34
504+27	531
45+24	69
102+93	195
24+99	123
62+23	85
36+557	593
28+92	120
57+51	108
58+775	833
796+45	841
94+306	400
249+36	285
55+292	347
978+94	1072
72+72	144
65+150	215
10+543	553
30+162	192
68+77	145
36+523	559
46+28	74
45+281	326
11+584	595
166+85	251
54+410	464
329+67	396
98+45	143
59+376	435
71+38	109
27+117	144
92+72	164
38+664	702
757+28	785
44+57	101
360+98	458
44+94	138
918+49	967
513+12	525
82+23	105
46+42	88
95+81	176
688+77	765
90+73	163
103+29	132
51+98	149
529+82	611
10+592	602
33+23	56
413+64	477
99+923	1022
85+304	389
511+95	606
678+82	760
22+489	511
89+300	389
51+15	66
55+582	637
78+52	130
39+541	580
116+98	214
23+82	105
39+62	101
36+69	105
78+856	934
23+97	120
551+27	578
37+37	74
22+137	159
11+701	712
25+387	412
702+67	769
21+53	74
88+25	113
42+86	128
864+90	954
15+70	85
383+79	462
94+99	193
106+72	178
62+52	114
21+74	95
334+83	417
10+537	547
457+55	512
81+812	893
13+22	35
685+12	697
381+34	415
30+39	69
146+32	178
36+35	71
47+68	115
94+67	161
89+27	116
25+36	61
90+874	964
97+542	639
98+18	116
70+58	128
31+57	88
78+32	110
963+63	1026
20+30	50
19+29	48
23+545	568
99+31	130
76+830	906
793+77	870
699+52	751
30+948	978
645+94	739
320+67	387
32+725	757
45+423	468
87+319	406
917+12	929
61+47	108
78+576	654
84+24	108
229+16	245
99+78	177
81+71	152
93+694	787
855+27	882
76+33	109
996+39	1035
40+16	56
978+87	1065
175+40	215
665+20	685
77+650	727
43+43	86
80+239	319
15+64	79
36+243	279
99+91	190
76+28	104
552+19	571
91+659	750
51+68	119
97+45	142
13+133	146
13+95	108
124+13	137
51+31	82
927+91	1018
183+20	203
294+71	365
66+78	144
480+17	497
866+87	953
29+55	84
58+788	846
74+92	166
47+367	414
20+79	99
86+95	181
652+71	723
72+634	706
29+32	61
74+736	810
50+58	108
15+619	634
69+126	195
86+16	102
94+43	137
58+54	112
449+21	470
76+381	457
253+61	314
82+225	307
62+29	91
75+333	408
57+777	834
56+49	105
83+58	141
142+80	222
140+90	230
16+516	532
40+62	102
976+88	1064
571+89	660
12+890	902
897+91	988
289+26	315
17+44	61
25+60	85
77+227	304
641+10	651
90+850	940
92+281	373
585+73	658
76+34	110
34+641	675
165+61	226
41+258	299
167+28	195
509+89	598
402+31	433
685+92	777
782+49	831
48+262	310
41+63	104
233+57	290
842+77	919
37+206	243
42+184	226
15+941	956
47+746	793
30+463	493
47+987	1034
33+61	94
96+57	153
79+799	878
47+34	81
123+95	218
70+58	128
62+911	973
47+625	672
934+77	1011
123+38	161
211+57	268
81+99	180
631+32	663
52+842	894
69+88	157
163+96	259
448+14	462
97+754	851
47+40	87
37+36	73
34+948	982
363+85	448
25+504	529
327+28	355
21+22	43
714+68	782
577+25	602
149+87	236
40+85	125
90+96	186
73+37	110
61+92	153
38+140	178
14+840	854
20+88	108
608+51	659
22+572	594
978+62	1040
837+77	914
11+33	44
13+13	26
209+52	261
24+662	686
86+77	163
41+98	139
52+583	635
819+73	892
46+942	988
222+63	285
89+97	186
60+57	117
911+54	965
17+19	36
87+172	259
77+91	168
393+23	416
399+38	437
60+77	137
53+958	1011
85+27	112
34+274	308
261+37	298
716+74	790
19+40	59
45+443	488
63+178	241
42+14	56
863+47	910
76+78	154
15+949	964
90+121	211
40+604	644
64+545	609
147+76	223
198+24	222
231+64	295
15+34	49
76+36	112
59+507	566
190+13	203
29+801	830
19+428	447
317+22	339
37+42	79
55+153	208
75+663	738
65+83	148
72+90	162
64+881	945
759+28	787
315+77	392
47+867	914
24+40	64
80+105	185
558+34	592
48+343	391
95+663	758
641+27	668
15+317	332
92+57	149
841+25	866
23+95	118
67+807	874
118+87	205
74+57	131
694+18	712
46+687	733
12+67	79
84+926	1010
61+86	147
686+89	775
530+89	619
927+58	985
403+80	483
719+86	805
847+96	943
879+68	947
76+47	123
78+56	134
493+91	584
354+28	382
82+205	287
12+890	902
417+82	499
911+34	945
34+23	57
38+47	85
65+61	126
673+17	690
89+816	905
81+70	151
60+91	151
68+63	131
92+66	158
37+49	86
841+39	880
721+38	759
95+778	873
470+93	563
76+27	103
674+12	686
10+452	462
94+220	314
98+82	180
544+53	597
80+28	108
85+881	966
79+792	871
65+94	159
21+902	923
491+83	574
54+516	570
174+37	211
81+71	152
22+788	810
249+34	283
421+83	504
25+357	382
44+61	105
252+40	292
915+49	964
378+90	468
13+31	44
38+101	139
95+75	170
86+500	586
18+156	174
59+74	133
19+20	39
297+88	385
13+149	162
58+77	135
88+92	180
20+400	420
721+19	740
429+16	445
62+892	954
90+76	166
84+66	150
521+90	611
16+57	73
91+45	136
12+607	619
66+713	779
60+266	326
67+27	94
512+62	574
233+86	319
54+12	66
917+21	938
993+72	1065
740+70	810
16+264	280
816+87	903
43+12	55
77+790	867
369+18	387
35+35	70
39+191	230
50+55	105
275+35	310
61+211	272
79+181	260
11+309	320
96+23	119
87+30	117
58+24	82
64+40	104
785+50	835
69+73	142
687+54	741
25+294	319
67+19	86
658+47	705
43+706	749
31+84	115
16+244	260
47+622	669
22+65	87
46+154	200
67+36	103
356+23	379
70+647	717
28+69	97
909+73	982
625+31	656
19+11	30
91+21	112
85+649	734
23+90	113
43+76	119
31+686	717
448+72	520
803+87	890
39+876	915
39+995	1034
348+24	372
281+79	360
426+62	488
53+39	92
868+67	935
123+73	196
702+79	781
751+64	815
97+221	318
71+816	887
61+73	134
61+76	137
11+56	67
58+79	137
20+94	114
33+38	71
457+51	508
263+21	284
96+994	1090
474+11	485
79+558	637
97+43	140
82+253	335
174+76	250
888+32	920
83+27	110
82+507	589
86+140	226
704+78	782
374+40	414
89+723	812
395+79	474
30+26	56
52+14	66
808+39	847
961+79	1040
86+833	919
356+74	430
92+233	325
87+445	532
724+75	799
744+18	762
186+46	232
67+741	808
619+68	687
98+93	191
21+465	486
40+79	119
67+499	566
35+652	687
291+13	304
562+45	607
19+728	747
90+94	184
73+725	798
604+59	663
253+89	342
546+74	620
29+957	986
50+76	126
300+73	373
139+92	231
425+97	522
100+61	161
290+97	387
911+40	951
16+812	828
13+779	792
59+490	549
734+52	786
567+82	649
13+96	109
31+45	76
280+53	333
44+357	401
77+60	137
85+503	588
27+55	82
401+33	434
352+91	443
97+78	175
689+44	733
38+987	1025
79+83	162
53+61	114
43+20	63
796+51	847
78+53	131
594+32	626
59+271	330
275+61	336
326+98	424
53+77	130
900+97	997
23+328	351
208+81	289
500+57	557
13+761	774
76+369	445
81+432	513
88+51	139
97+394	491
38+107	145
49+90	139
222+96	318
944+83	1027
24+71	95
595+31	626
35+76	111
441+84	525
44+14	58
56+36	92
49+190	239
47+564	611
51+51	102
23+37	60
277+56	333
319+63	382
77+199	276
64+67	131
15+116	131
372+29	401
985+92	1077
46+21	67
55+32	87
59+730	789
224+99	323
636+70	706
161+87	248
954+26	980
10+378	388
26+340	366
639+81	720
61+266	327
52+81	133
63+159	222
84+618	702
67+651	718
45+405	450
27+73	100
445+75	520
95+386	481
747+53	800
702+64	766
50+906	956
961+88	1049
32+614	646
48+88	136
20+98	118
52+126	178
10+15	25
29+49	78
91+335	426
762+39	801
40+26	66
998+24	1022
50+170	220
10+51	61
71+134	205
308+91	399
535+81	616
286+97	383
46+48	94
76+637	713
492+59	551
734+72	806
73+98	171
64+67	131
907+66	973
399+92	491
29+864	893
26+56	82
856+31	887
46+314	360
77+37	114
79+23	102
236+34	270
26+35	61
246+92	338
90+49	139
194+17	211
11+192	203
350+63	413
72+263	335
80+69	149
13+645	658
70+61	131
823+21	844
566+32	598
54+71	125
51+366	417
471+81	552
372+71	443
58+29	87
133+51	184
89+21	110
936+95	1031
564+58	622
667+40	707
204+60	264
80+33	113
550+25	575
580+32	612
68+97	165
35+66	101
845+37	882
771+84	855
13+51	64
32+29	61
680+88	768
62+31	93
64+51	115
974+84	1058
91+48	139
80+80	160
40+31	71
93+472	565
350+83	433
308+50	358
415+44	459
25+600	625
760+69	829
861+73	934
30+60	90
41+120	161
440+43	483
83+930	1013
88+832	920
219+33	252
87+944	1031
549+10	559
83+32	115
18+265	283
52+41	93
710+69	779
609+24	633
72+51	123
84+81	165
348+26	374
13+96	109
27+56	83
16+661	677
32+14	46
43+80	123
87+930	1017
576+76	652
618+82	700
54+800	854
98+57	155
626+55	681
40+91	131
503+17	520
35+12	47
48+341	389
92+183	275
975+83	1058
24+571	595
54+30	84
83+21	104
29+92	121
271+85	356
456+94	550
21+48	69
71+45	116
988+75	1063
17+88	105
10+83	93
70+184	254
97+85	182
21+723	744
28+60	88
91+29	120
255+24	279
30+25	55
817+68	885
69+870	939
242+16	258
87+96	183
24+24	48
61+207	268
33+15	48
89+14	103
27+840	867
94+860	954
878+66	944
35+89	124
847+37	884
47+83	130
65+58	123
36+649	685
94+32	126
93+997	1090
930+48	978
206+29	235
32+202	234
46+12	58
799+60	859
637+27	664
11+690	701
434+27	461
86+46	132
26+117	143
298+99	397
54+838	892
18+929	947
853+93	946
37+95	132
710+54	764
98+84	182
12+894	906
39+68	107
28+45	73
64+55	119
434+79	513
59+414	473
37+13	50
19+860	879
13+28	41
16+532	548
56+88	144
71+39	110
606+45	651
31+86	117
162+66	228
838+20	858
64+982	1046
122+62	184
26+26	52
77+765	842
53+50	103
30+947	977
746+92	838
38+99	137
987+46	1033
41+17	58
12+88	100
61+608	669
886+91	977
57+533	590
89+166	255
66+704	770
897+54	951
46+535	581
41+42	83
23+240	263
69+544	613
24+15	39
160+25	185
225+14	239
13+62	75
335+22	357
61+382	443
72+30	102
76+143	219
113+76	189
